id,tag
1,NOUN
2,AUX
3,PUNCT
4,PROPN
5,NOUN
6,PUNCT
7,PUNCT
8,PUNCT
9,PROPN
10,PUNCT
11,CCONJ
12,PUNCT
13,PROPN
14,NOUN
15,PUNCT
16,PUNCT
17,PRON
18,VERB
19,DET
20,NOUN
21,PRON
22,AUX
23,NOUN
24,CCONJ
25,ADP
26,NOUN
27,PUNCT
28,ADJ
29,ADJ
30,VERB
31,PRON
32,NOUN
33,PUNCT
34,ADV
35,CCONJ
36,ADJ
37,AUX
38,DET
39,NOUN
40,NOUN
41,AUX
42,VERB
43,NOUN
44,ADP
45,PART
46,VERB
47,NOUN
48,NOUN
49,ADP
50,ADJ
51,NOUN
52,ADP
53,NOUN
54,PUNCT
55,ADV
56,ADP
57,PART
58,VERB
59,PRON
60,PRON
61,AUX
62,AUX
63,ADP
64,ADP
65,NOUN
66,PUNCT
67,ADV
68,ADP
69,PART
70,VERB
71,ADP
72,NOUN
73,PUNCT
74,ADV
75,ADJ
76,VERB
77,DET
78,NOUN
79,NOUN
80,PUNCT
81,SCONJ
82,NOUN
83,NOUN
84,ADP
85,NOUN
86,AUX
87,NOUN
88,SCONJ
89,DET
90,NOUN
91,NOUN
92,ADP
93,DET
94,NOUN
95,VERB
96,ADP
97,NOUN
98,ADP
99,DET
100,ADJ
101,PUNCT
102,DET
103,ADJ
104,NOUN
105,AUX
106,PUNCT
107,NOUN
108,ADP
109,NOUN
110,PUNCT
111,PUNCT
112,PRON
113,AUX
114,ADP
115,PROPN
116,PROPN
117,NOUN
118,PUNCT
119,ADP
120,DET
121,NOUN
122,NOUN
123,PRON
124,PUNCT
125,NOUN
126,AUX
127,NOUN
128,PUNCT
129,PUNCT
130,PUNCT
131,NOUN
132,AUX
133,NOUN
134,PUNCT
135,PUNCT
136,PUNCT
137,NOUN
138,AUX
139,NOUN
140,PUNCT
141,PUNCT
142,DET
143,NOUN
144,ADP
145,PRON
146,ADP
147,NOUN
148,DET
149,NOUN
150,PUNCT
151,NOUN
152,PART
153,VERB
154,DET
155,ADJ
156,NOUN
157,CCONJ
158,NOUN
159,NOUN
160,PUNCT
161,ADP
162,ADP
163,DET
164,NOUN
165,SCONJ
166,DET
167,NOUN
168,ADJ
169,AUX
170,VERB
171,PRON
172,PART
173,VERB
174,PUNCT
175,CCONJ
176,NOUN
177,AUX
178,ADJ
179,NOUN
180,PART
181,NOUN
182,ADP
183,NOUN
184,PUNCT
185,ADP
186,NOUN
187,ADP
188,NOUN
189,CCONJ
190,NOUN
191,PUNCT
192,ADP
193,DET
194,NOUN
195,ADP
196,NOUN
197,VERB
198,DET
199,NOUN
200,NOUN
201,NOUN
202,PUNCT
203,ADV
204,ADP
205,DET
206,NOUN
207,ADP
208,NOUN
209,ADP
210,SCONJ
211,DET
212,NOUN
213,ADP
214,PUNCT
215,NOUN
216,PUNCT
217,ADP
218,PROPN
219,NOUN
220,PUNCT
221,ADV
222,DET
223,ADJ
224,ADJ
225,CCONJ
226,DET
227,ADJ
228,PUNCT
229,ADP
230,NOUN
231,VERB
232,PRON
233,VERB
234,PRON
235,ADP
236,SCONJ
237,PRON
238,ADP
239,DET
240,NOUN
241,ADV
242,AUX
243,NOUN
244,ADP
245,NOUN
246,PART
247,VERB
248,PRON
249,ADP
250,NOUN
251,CCONJ
252,ADP
253,DET
254,ADJ
255,NOUN
256,PUNCT
257,ADP
258,NOUN
259,NOUN
260,AUX
261,NOUN
262,PUNCT
263,AUX
264,PRON
265,VERB
266,NOUN
267,ADP
268,ADP
269,NOUN
270,CCONJ
271,DET
272,ADJ
273,NOUN
274,PUNCT
275,ADP
276,NOUN
277,PUNCT
278,ADP
279,PART
280,VERB
281,NOUN
282,PUNCT
283,VERB
284,PROPN
285,PROPN
286,PUNCT
287,PROPN
288,ADJ
289,NOUN
290,AUX
291,ADV
292,ADJ
293,VERB
294,NOUN
295,PUNCT
296,PROPN
297,ADJ
298,NOUN
299,VERB
300,ADP
301,NOUN
302,PROPN
303,ADJ
304,VERB
305,PRON
306,PRON
307,AUX
308,VERB
309,ADV
310,PUNCT
311,ADP
312,PROPN
313,PROPN
314,AUX
315,PRON
316,ADV
317,NUM
318,NOUN
319,PUNCT
320,ADP
321,PROPN
322,CCONJ
323,NOUN
324,ADV
325,DET
326,NOUN
327,NOUN
328,PUNCT
329,CCONJ
330,NOUN
331,NOUN
332,CCONJ
333,NOUN
334,CCONJ
335,NOUN
336,NOUN
337,VERB
338,ADJ
339,CCONJ
340,ADJ
341,NOUN
342,PUNCT
343,ADJ
344,AUX
345,PRON
346,ADJ
347,ADP
348,NOUN
349,ADV
350,PUNCT
351,CCONJ
352,AUX
353,VERB
354,ADP
355,DET
356,NOUN
357,NOUN
358,DET
359,NOUN
360,NOUN
361,PUNCT
362,CCONJ
363,PRON
364,VERB
365,PRON
366,PUNCT
367,NOUN
368,AUX
369,PRON
370,VERB
371,ADP
372,PROPN
373,PUNCT
374,NOUN
375,PUNCT
376,PRON
377,VERB
378,ADJ
379,ADP
380,ADV
381,NOUN
382,NOUN
383,ADP
384,CCONJ
385,PROPN
386,VERB
387,ADP
388,PUNCT
389,CCONJ
390,ADP
391,DET
392,ADJ
393,ADJ
394,NOUN
395,AUX
396,PRON
397,PROPN
398,CCONJ
399,PROPN
400,PRON
401,AUX
402,DET
403,ADJ
404,NOUN
405,PUNCT
406,ADP
407,NOUN
408,AUX
409,PROPN
410,CCONJ
411,ADV
412,ADV
413,PROPN
414,NOUN
415,PUNCT
416,PRON
417,AUX
418,DET
419,ADJ
420,ADP
421,NOUN
422,PUNCT
423,DET
424,ADJ
425,NOUN
426,AUX
427,AUX
428,ADJ
429,ADJ
430,ADP
431,PROPN
432,ADP
433,ADJ
434,NOUN
435,PUNCT
436,ADJ
437,AUX
438,NOUN
439,ADP
440,PROPN
441,ADP
442,NOUN
443,ADP
444,PROPN
445,NOUN
446,PUNCT
447,PROPN
448,AUX
449,AUX
450,DET
451,NOUN
452,ADP
453,DET
454,NOUN
455,SCONJ
456,PRON
457,AUX
458,VERB
459,PART
460,VERB
461,NOUN
462,NOUN
463,CCONJ
464,NOUN
465,NOUN
466,PUNCT
467,NOUN
468,AUX
469,NOUN
470,VERB
471,ADP
472,NUM
473,ADP
474,ADV
475,PART
476,VERB
477,NOUN
478,NOUN
479,PUNCT
480,NOUN
481,AUX
482,DET
483,VERB
484,ADP
485,DET
486,NOUN
487,CCONJ
488,NOUN
489,ADP
490,DET
491,ADJ
492,ADJ
493,ADJ
494,ADJ
495,NOUN
496,ADP
497,DET
498,ADP
499,ADJ
500,NOUN
501,ADJ
502,NOUN
503,CCONJ
504,ADP
505,NOUN
506,NOUN
507,ADP
508,PART
509,VERB
510,DET
511,ADJ
512,NOUN
513,CCONJ
514,NOUN
515,PUNCT
516,ADV
517,AUX
518,PRON
519,ADV
520,ADJ
521,PRON
522,VERB
523,SCONJ
524,DET
525,DET
526,NUM
527,NOUN
528,VERB
529,PRON
530,DET
531,NOUN
532,CCONJ
533,SCONJ
534,PRON
535,ADV
536,ADV
537,ADJ
538,AUX
539,NOUN
540,PUNCT
541,ADV
542,AUX
543,PRON
544,ADV
545,NOUN
546,ADP
547,NOUN
548,PUNCT
549,PROPN
550,AUX
551,ADV
552,ADJ
553,VERB
554,ADJ
555,ADJ
556,NOUN
557,PUNCT
558,ADP
559,NOUN
560,ADP
561,NOUN
562,PUNCT
563,PRON
564,ADV
565,AUX
566,ADP
567,PUNCT
568,AUX
569,DET
570,ADJ
571,NOUN
572,NOUN
573,ADP
574,DET
575,ADJ
576,PROPN
577,ADV
578,ADJ
579,VERB
580,NOUN
581,PUNCT
582,NOUN
583,CCONJ
584,PROPN
585,AUX
586,VERB
587,NOUN
588,PUNCT
589,CCONJ
590,NOUN
591,PUNCT
592,NOUN
593,PUNCT
594,CCONJ
595,ADV
596,NOUN
597,NOUN
598,AUX
599,NOUN
600,VERB
601,ADP
602,PUNCT
603,DET
604,DET
605,VERB
606,NOUN
607,CCONJ
608,ADV
609,NOUN
610,PUNCT
611,ADP
612,ADJ
613,ADJ
614,NOUN
615,AUX
616,DET
617,ADJ
618,NOUN
619,ADP
620,SCONJ
621,NOUN
622,AUX
623,VERB
624,NOUN
625,ADP
626,PROPN
627,PUNCT
628,ADV
629,ADJ
630,ADJ
631,AUX
632,NOUN
633,PUNCT
634,NOUN
635,CCONJ
636,NOUN
637,CCONJ
638,NOUN
639,ADV
640,ADV
641,DET
642,NOUN
643,ADP
644,NOUN
645,PUNCT
646,NOUN
647,AUX
648,DET
649,ADJ
650,NOUN
651,PUNCT
652,CCONJ
653,PRON
654,AUX
655,ADJ
656,PART
657,VERB
658,SCONJ
659,PROPN
660,AUX
661,VERB
662,NOUN
663,ADP
664,NOUN
665,ADP
666,SCONJ
667,PRON
668,AUX
669,VERB
670,ADP
671,NOUN
672,ADJ
673,ADP
674,NOUN
675,PUNCT
676,DET
677,ADJ
678,NOUN
679,VERB
680,ADV
681,ADV
682,PROPN
683,PUNCT
684,CCONJ
685,ADV
686,NOUN
687,ADJ
688,NOUN
689,CCONJ
690,ADV
691,ADV
692,PROPN
693,DET
694,VERB
695,PUNCT
696,PRON
697,AUX
698,ADJ
699,PART
700,VERB
701,ADP
702,PRON
703,PROPN
704,ADP
705,NOUN
706,ADP
707,PROPN
708,PUNCT
709,PROPN
710,AUX
711,ADJ
712,AUX
713,NOUN
714,PUNCT
715,PRON
716,AUX
717,AUX
718,VERB
719,ADJ
720,ADJ
721,PUNCT
722,DET
723,NUM
724,PRON
725,ADP
726,NOUN
727,NOUN
728,AUX
729,AUX
730,VERB
731,NOUN
732,ADP
733,DET
734,ADJ
735,ADJ
736,NOUN
737,PUNCT
738,AUX
739,NOUN
740,SCONJ
741,PROPN
742,VERB
743,ADP
744,PRON
745,PRON
746,AUX
747,AUX
748,ADV
749,ADP
750,NOUN
751,PUNCT
752,ADP
753,DET
754,NOUN
755,NOUN
756,AUX
757,PROPN
758,ADV
759,ADJ
760,NOUN
761,PUNCT
762,NOUN
763,NOUN
764,ADP
765,NOUN
766,AUX
767,ADJ
768,ADJ
769,PUNCT
770,NOUN
771,ADP
772,DET
773,NOUN
774,NOUN
775,AUX
776,NOUN
777,ADP
778,ADP
779,PROPN
780,CCONJ
781,PROPN
782,ADP
783,NUM
784,PUNCT
785,NOUN
786,PUNCT
787,PRON
788,AUX
789,VERB
790,DET
791,ADJ
792,NOUN
793,NOUN
794,PUNCT
795,AUX
796,VERB
797,NOUN
798,ADP
799,PROPN
800,PUNCT
801,ADV
802,AUX
803,PROPN
804,ADP
805,ADJ
806,VERB
807,ADP
808,NOUN
809,ADP
810,NOUN
811,ADP
812,NOUN
813,PUNCT
814,ADP
815,NOUN
816,ADP
817,NOUN
818,VERB
819,PRON
820,SCONJ
821,PROPN
822,VERB
823,ADJ
824,NOUN
825,ADP
826,PART
827,VERB
828,ADP
829,ADJ
830,NOUN
831,PUNCT
832,DET
833,ADJ
834,NOUN
835,NOUN
836,ADV
837,CCONJ
838,ADJ
839,ADP
840,NOUN
841,PUNCT
842,PROPN
843,NOUN
844,AUX
845,ADJ
846,ADP
847,NOUN
848,ADP
849,DET
850,ADJ
851,NOUN
852,PUNCT
853,NOUN
854,ADP
855,PROPN
856,PROPN
857,ADV
858,DET
859,NOUN
860,PUNCT
861,ADP
862,SCONJ
863,NOUN
864,AUX
865,VERB
866,DET
867,NOUN
868,NOUN
869,PUNCT
870,AUX
871,NOUN
872,NOUN
873,VERB
874,NOUN
875,PUNCT
876,PRON
877,AUX
878,ADV
879,ADV
880,DET
881,NOUN
882,PART
883,VERB
884,DET
885,NOUN
886,NOUN
887,ADP
888,PUNCT
889,ADP
890,DET
891,ADJ
892,NOUN
893,AUX
894,DET
895,ADJ
896,NOUN
897,CCONJ
898,NOUN
899,NOUN
900,PUNCT
901,CCONJ
902,ADJ
903,ADP
904,DET
905,NOUN
906,PUNCT
907,NOUN
908,ADP
909,PROPN
910,CCONJ
911,PROPN
912,NOUN
913,PUNCT
914,NOUN
915,NOUN
916,PUNCT
917,PROPN
918,AUX
919,ADV
920,AUX
921,PUNCT
922,DET
923,NOUN
924,ADP
925,NOUN
926,PUNCT
927,PUNCT
928,NOUN
929,VERB
930,ADJ
931,NOUN
932,ADP
933,PUNCT
934,CCONJ
935,NOUN
936,AUX
937,ADP
938,ADJ
939,ADP
940,SCONJ
941,PROPN
942,AUX
943,VERB
944,DET
945,ADJ
946,NOUN
947,PRON
948,ADJ
949,AUX
950,VERB
951,ADP
952,ADJ
953,NOUN
954,PUNCT
955,DET
956,ADJ
957,NOUN
958,ADP
959,NOUN
960,NOUN
961,VERB
962,SCONJ
963,NOUN
964,CCONJ
965,ADJ
966,ADJ
967,ADV
968,AUX
969,VERB
970,NOUN
971,CCONJ
972,NOUN
973,SCONJ
974,NOUN
975,VERB
976,NOUN
977,PUNCT
978,PROPN
979,PUNCT
980,NOUN
981,PUNCT
982,CCONJ
983,NOUN
984,NOUN
985,AUX
986,NUM
987,NOUN
988,PUNCT
989,CCONJ
990,AUX
991,ADV
992,ADV
993,AUX
994,VERB
995,ADP
996,NOUN
997,AUX
998,NOUN
999,PRON
1000,ADJ
1001,PUNCT
1002,NOUN
1003,CCONJ
1004,NOUN
1005,NOUN
1006,AUX
1007,VERB
1008,ADP
1009,ADV
1010,NUM
1011,NOUN
1012,ADP
1013,NOUN
1014,NOUN
1015,NOUN
1016,NOUN
1017,NOUN
1018,PUNCT
1019,NOUN
1020,VERB
1021,ADJ
1022,NOUN
1023,ADP
1024,NOUN
1025,CCONJ
1026,DET
1027,NOUN
1028,VERB
1029,NOUN
1030,ADP
1031,PART
1032,AUX
1033,VERB
1034,DET
1035,ADJ
1036,NOUN
1037,PUNCT
1038,PUNCT
1039,ADV
1040,AUX
1041,DET
1042,NOUN
1043,PUNCT
1044,CCONJ
1045,DET
1046,ADJ
1047,PART
1048,VERB
1049,NOUN
1050,PUNCT
1051,PRON
1052,AUX
1053,NOUN
1054,ADP
1055,NOUN
1056,CCONJ
1057,VERB
1058,ADJ
1059,NOUN
1060,PUNCT
1061,VERB
1062,NOUN
1063,PUNCT
1064,ADP
1065,NOUN
1066,ADP
1067,DET
1068,NUM
1069,NOUN
1070,NOUN
1071,AUX
1072,VERB
1073,ADP
1074,ADJ
1075,NOUN
1076,ADP
1077,NOUN
1078,NOUN
1079,PUNCT
1080,AUX
1081,PRON
1082,VERB
1083,ADJ
1084,NOUN
1085,CCONJ
1086,NOUN
1087,PUNCT
1088,CCONJ
1089,DET
1090,ADJ
1091,NOUN
1092,ADP
1093,NOUN
1094,ADP
1095,NOUN
1096,AUX
1097,VERB
1098,ADJ
1099,NOUN
1100,CCONJ
1101,NOUN
1102,ADP
1103,NOUN
1104,PUNCT
1105,PUNCT
1106,PRON
1107,AUX
1108,NOUN
1109,PRON
1110,AUX
1111,NOUN
1112,ADV
1113,ADP
1114,ADJ
1115,NOUN
1116,PUNCT
1117,CCONJ
1118,PRON
1119,AUX
1120,ADP
1121,ADJ
1122,NOUN
1123,NOUN
1124,PUNCT
1125,NOUN
1126,AUX
1127,DET
1128,ADP
1129,DET
1130,NOUN
1131,NOUN
1132,DET
1133,NOUN
1134,ADP
1135,PUNCT
1136,CCONJ
1137,ADV
1138,AUX
1139,PRON
1140,AUX
1141,DET
1142,ADJ
1143,NOUN
1144,ADP
1145,PRON
1146,PUNCT
1147,VERB
1148,NOUN
1149,ADP
1150,NOUN
1151,PUNCT
1152,PROPN
1153,NOUN
1154,PUNCT
1155,ADP
1156,NOUN
1157,PUNCT
1158,ADV
1159,ADP
1160,NOUN
1161,NOUN
1162,NOUN
1163,AUX
1164,PRON
1165,VERB
1166,NOUN
1167,ADP
1168,PART
1169,VERB
1170,DET
1171,ADJ
1172,NOUN
1173,PUNCT
1174,PRON
1175,VERB
1176,ADP
1177,ADP
1178,PART
1179,VERB
1180,NOUN
1181,ADP
1182,NOUN
1183,ADP
1184,NOUN
1185,ADP
1186,NOUN
1187,PUNCT
1188,VERB
1189,ADV
1190,PRON
1191,VERB
1192,NOUN
1193,ADP
1194,ADJ
1195,NOUN
1196,ADV
1197,NOUN
1198,NOUN
1199,PUNCT
1200,VERB
1201,NOUN
1202,PUNCT
1203,AUX
1204,ADJ
1205,DET
1206,ADJ
1207,NOUN
1208,NOUN
1209,ADP
1210,NOUN
1211,ADP
1212,ADJ
1213,NOUN
1214,PUNCT
1215,ADV
1216,ADP
1217,NOUN
1218,VERB
1219,SCONJ
1220,PRON
1221,AUX
1222,ADJ
1223,PUNCT
1224,ADJ
1225,NOUN
1226,VERB
1227,NOUN
1228,ADP
1229,NOUN
1230,ADP
1231,ADJ
1232,PUNCT
1233,CCONJ
1234,DET
1235,ADV
1236,NOUN
1237,VERB
1238,ADJ
1239,DET
1240,NOUN
1241,ADP
1242,NOUN
1243,PUNCT
1244,PUNCT
1245,ADP
1246,NOUN
1247,NOUN
1248,AUX
1249,PRON
1250,NOUN
1251,ADP
1252,ADP
1253,NOUN
1254,CCONJ
1255,NOUN
1256,NOUN
1257,ADP
1258,PUNCT
1259,SCONJ
1260,PRON
1261,VERB
1262,NOUN
1263,ADP
1264,NOUN
1265,PUNCT
1266,ADV
1267,PRON
1268,VERB
1269,PUNCT
1270,NOUN
1271,DET
1272,NOUN
1273,ADJ
1274,ADJ
1275,PUNCT
1276,VERB
1277,NOUN
1278,PUNCT
1279,PUNCT
1280,NOUN
1281,ADP
1282,DET
1283,NOUN
1284,AUX
1285,SCONJ
1286,NOUN
1287,AUX
1288,VERB
1289,NOUN
1290,ADP
1291,DET
1292,ADJ
1293,CCONJ
1294,VERB
1295,NOUN
1296,ADP
1297,NOUN
1298,CCONJ
1299,NOUN
1300,ADP
1301,NOUN
1302,PUNCT
1303,DET
1304,ADJ
1305,NOUN
1306,CCONJ
1307,VERB
1308,ADV
1309,ADP
1310,SCONJ
1311,NOUN
1312,AUX
1313,VERB
1314,PUNCT
1315,NOUN
1316,VERB
1317,ADV
1318,DET
1319,ADJ
1320,NOUN
1321,ADP
1322,NOUN
1323,CCONJ
1324,NOUN
1325,PUNCT
1326,CCONJ
1327,PRON
1328,AUX
1329,VERB
1330,ADJ
1331,NOUN
1332,ADP
1333,DET
1334,NOUN
1335,SCONJ
1336,PRON
1337,ADV
1338,VERB
1339,NOUN
1340,CCONJ
1341,NOUN
1342,ADP
1343,NOUN
1344,PUNCT
1345,NOUN
1346,ADP
1347,NOUN
1348,PUNCT
1349,PRON
1350,AUX
1351,PROPN
1352,ADJ
1353,NOUN
1354,ADP
1355,DET
1356,NOUN
1357,ADP
1358,NOUN
1359,NOUN
1360,NOUN
1361,DET
1362,NOUN
1363,PUNCT
1364,AUX
1365,ADV
1366,NOUN
1367,SCONJ
1368,DET
1369,NOUN
1370,PUNCT
1371,ADP
1372,ADJ
1373,PUNCT
1374,AUX
1375,VERB
1376,ADP
1377,DET
1378,NOUN
1379,PUNCT
1380,NOUN
1381,AUX
1382,NOUN
1383,PRON
1384,VERB
1385,NOUN
1386,ADP
1387,DET
1388,NOUN
1389,CCONJ
1390,DET
1391,NOUN
1392,PUNCT
1393,CCONJ
1394,DET
1395,ADJ
1396,PRON
1397,AUX
1398,NOUN
1399,ADP
1400,NOUN
1401,PUNCT
1402,NOUN
1403,NOUN
1404,VERB
1405,NOUN
1406,ADV
1407,PUNCT
1408,ADV
1409,SCONJ
1410,NOUN
1411,NOUN
1412,AUX
1413,NOUN
1414,SCONJ
1415,PRON
1416,VERB
1417,PUNCT
1418,PUNCT
1419,ADJ
1420,VERB
1421,DET
1422,NOUN
1423,ADP
1424,NOUN
1425,CCONJ
1426,VERB
1427,DET
1428,NOUN
1429,NOUN
1430,ADJ
1431,PUNCT
1432,ADV
1433,AUX
1434,DET
1435,NOUN
1436,NOUN
1437,NOUN
1438,ADP
1439,NOUN
1440,SCONJ
1441,PRON
1442,AUX
1443,VERB
1444,PUNCT
1445,ADV
1446,VERB
1447,PRON
1448,ADP
1449,DET
1450,NOUN
1451,PRON
1452,AUX
1453,ADJ
1454,NOUN
1455,ADP
1456,NOUN
1457,PUNCT
1458,CCONJ
1459,NOUN
1460,ADP
1461,SCONJ
1462,DET
1463,ADJ
1464,NOUN
1465,AUX
1466,NOUN
1467,CCONJ
1468,NOUN
1469,SCONJ
1470,NOUN
1471,NOUN
1472,PUNCT
1473,VERB
1474,NOUN
1475,PUNCT
1476,ADP
1477,NOUN
1478,VERB
1479,PRON
1480,ADP
1481,SCONJ
1482,DET
1483,NOUN
1484,ADP
1485,DET
1486,NOUN
1487,NOUN
1488,NOUN
1489,AUX
1490,VERB
1491,ADP
1492,PUNCT
1493,NOUN
1494,NOUN
1495,NOUN
1496,NOUN
1497,AUX
1498,NOUN
1499,ADP
1500,NOUN
1501,PUNCT
1502,PUNCT
1503,PRON
1504,AUX
1505,ADV
1506,VERB
1507,DET
1508,ADJ
1509,SCONJ
1510,PRON
1511,AUX
1512,VERB
1513,NOUN
1514,PUNCT
1515,ADP
1516,PRON
1517,VERB
1518,PRON
1519,PRON
1520,SCONJ
1521,PRON
1522,AUX
1523,ADJ
1524,PART
1525,VERB
1526,NOUN
1527,ADP
1528,NOUN
1529,PUNCT
1530,ADV
1531,PRON
1532,AUX
1533,ADP
1534,DET
1535,ADJ
1536,NOUN
1537,NOUN
1538,CCONJ
1539,NOUN
1540,ADP
1541,PART
1542,VERB
1543,ADP
1544,NOUN
1545,PUNCT
1546,VERB
1547,NOUN
1548,PUNCT
1549,NOUN
1550,VERB
1551,ADP
1552,NOUN
1553,PUNCT
1554,NOUN
1555,ADP
1556,NOUN
1557,AUX
1558,ADJ
1559,NOUN
1560,ADP
1561,NOUN
1562,SCONJ
1563,NUM
1564,NOUN
1565,VERB
1566,ADP
1567,DET
1568,NOUN
1569,PUNCT
1570,ADP
1571,NOUN
1572,NOUN
1573,AUX
1574,PRON
1575,VERB
1576,ADP
1577,SCONJ
1578,DET
1579,NOUN
1580,VERB
1581,ADP
1582,PROPN
1583,CCONJ
1584,NUM
1585,NOUN
1586,ADP
1587,DET
1588,NOUN
1589,NOUN
1590,NOUN
1591,PUNCT
1592,ADV
1593,VERB
1594,NOUN
1595,CCONJ
1596,NOUN
1597,SCONJ
1598,DET
1599,ADV
1600,ADJ
1601,NOUN
1602,AUX
1603,NOUN
1604,PUNCT
1605,PUNCT
1606,PRON
1607,VERB
1608,PRON
1609,AUX
1610,ADV
1611,ADJ
1612,SCONJ
1613,PRON
1614,VERB
1615,PRON
1616,PUNCT
1617,ADV
1618,ADJ
1619,PRON
1620,VERB
1621,NOUN
1622,PRON
1623,VERB
1624,DET
1625,NOUN
1626,PUNCT
1627,VERB
1628,PRON
1629,PRON
1630,AUX
1631,ADJ
1632,PART
1633,ADV
1634,VERB
1635,PRON
1636,PUNCT
1637,VERB
1638,NOUN
1639,PUNCT
1640,NOUN
1641,CCONJ
1642,NOUN
1643,AUX
1644,ADV
1645,VERB
1646,ADP
1647,ADP
1648,NOUN
1649,CCONJ
1650,VERB
1651,NOUN
1652,ADP
1653,NOUN
1654,ADP
1655,DET
1656,NOUN
1657,PUNCT
1658,ADP
1659,NOUN
1660,ADJ
1661,NOUN
1662,AUX
1663,NOUN
1664,SCONJ
1665,DET
1666,NOUN
1667,AUX
1668,AUX
1669,VERB
1670,NOUN
1671,CCONJ
1672,ADJ
1673,NOUN
1674,ADP
1675,NOUN
1676,ADP
1677,NOUN
1678,PUNCT
1679,PUNCT
1680,PRON
1681,VERB
1682,ADP
1683,PART
1684,VERB
1685,ADP
1686,NOUN
1687,ADP
1688,DET
1689,NOUN
1690,SCONJ
1691,PRON
1692,AUX
1693,ADJ
1694,ADJ
1695,ADP
1696,NOUN
1697,PUNCT
1698,DET
1699,NOUN
1700,ADP
1701,NOUN
1702,ADP
1703,NOUN
1704,DET
1705,NOUN
1706,ADP
1707,NOUN
1708,PRON
1709,AUX
1710,ADJ
1711,PUNCT
1712,CCONJ
1713,NOUN
1714,AUX
1715,PART
1716,ADV
1717,VERB
1718,DET
1719,ADJ
1720,NOUN
1721,NOUN
1722,PUNCT
1723,VERB
1724,NOUN
1725,NOUN
1726,NOUN
1727,ADP
1728,PROPN
1729,PUNCT
1730,ADJ
1731,NOUN
1732,NOUN
1733,PUNCT
1734,VERB
1735,NOUN
1736,NOUN
1737,PUNCT
1738,PROPN
1739,NOUN
1740,PUNCT
1741,NOUN
1742,ADP
1743,PUNCT
1744,NOUN
1745,PUNCT
1746,ADJ
1747,PART
1748,VERB
1749,PUNCT
1750,NOUN
1751,NOUN
1752,VERB
1753,ADV
1754,DET
1755,ADJ
1756,NOUN
1757,NOUN
1758,PUNCT
1759,NOUN
1760,AUX
1761,ADV
1762,AUX
1763,ADJ
1764,PUNCT
1765,VERB
1766,PRON
1767,PUNCT
1768,ADP
1769,NOUN
1770,VERB
1771,NOUN
1772,NOUN
1773,ADP
1774,ADP
1775,PROPN
1776,PUNCT
1777,ADP
1778,NOUN
1779,SCONJ
1780,PRON
1781,AUX
1782,VERB
1783,ADJ
1784,NOUN
1785,CCONJ
1786,ADV
1787,PRON
1788,ADJ
1789,VERB
1790,NOUN
1791,PUNCT
1792,NOUN
1793,ADP
1794,NOUN
1795,PUNCT
1796,ADV
1797,ADP
1798,DET
1799,NOUN
1800,ADP
1801,NOUN
1802,ADP
1803,PROPN
1804,VERB
1805,DET
1806,NOUN
1807,ADP
1808,NOUN
1809,NOUN
1810,NOUN
1811,ADP
1812,DET
1813,NOUN
1814,PUNCT
1815,PUNCT
1816,NOUN
1817,PUNCT
1818,NOUN
1819,PRON
1820,CCONJ
1821,NOUN
1822,ADP
1823,DET
1824,NUM
1825,NOUN
1826,ADV
1827,ADP
1828,NOUN
1829,PUNCT
1830,NOUN
1831,AUX
1832,NUM
1833,NOUN
1834,ADJ
1835,CCONJ
1836,NOUN
1837,ADP
1838,ADJ
1839,NOUN
1840,PUNCT
1841,PUNCT
1842,CCONJ
1843,PRON
1844,NOUN
1845,ADP
1846,ADJ
1847,NOUN
1848,PUNCT
1849,VERB
1850,NOUN
1851,NOUN
1852,PUNCT
1853,NUM
1854,PUNCT
1855,PUNCT
1856,PUNCT
1857,PRON
1858,AUX
1859,NOUN
1860,ADJ
1861,NOUN
1862,PUNCT
1863,PRON
1864,VERB
1865,PRON
1866,SCONJ
1867,PRON
1868,AUX
1869,NUM
1870,NOUN
1871,ADJ
1872,PUNCT
1873,PRON
1874,AUX
1875,NOUN
1876,ADV
1877,NOUN
1878,PUNCT
1879,VERB
1880,NOUN
1881,PUNCT
1882,NOUN
1883,NOUN
1884,AUX
1885,VERB
1886,ADP
1887,NOUN
1888,VERB
1889,NOUN
1890,PUNCT
1891,DET
1892,ADJ
1893,PRON
1894,VERB
1895,AUX
1896,SCONJ
1897,PRON
1898,VERB
1899,ADP
1900,DET
1901,NOUN
1902,ADP
1903,PROPN
1904,PUNCT
1905,PRON
1906,VERB
1907,ADV
1908,PRON
1909,PRON
1910,VERB
1911,CCONJ
1912,ADV
1913,PRON
1914,AUX
1915,PUNCT
1916,NOUN
1917,NOUN
1918,DET
1919,ADJ
1920,CCONJ
1921,PRON
1922,DET
1923,NOUN
1924,AUX
1925,PUNCT
1926,SCONJ
1927,PRON
1928,AUX
1929,NOUN
1930,ADP
1931,NOUN
1932,PUNCT
1933,NOUN
1934,CCONJ
1935,NOUN
1936,PUNCT
1937,PRON
1938,VERB
1939,ADV
1940,SCONJ
1941,DET
1942,ADJ
1943,NOUN
1944,ADP
1945,NOUN
1946,ADP
1947,PRON
1948,AUX
1949,NOUN
1950,PRON
1951,AUX
1952,NOUN
1953,ADP
1954,CCONJ
1955,VERB
1956,ADJ
1957,PUNCT
1958,SCONJ
1959,PRON
1960,NOUN
1961,ADP
1962,DET
1963,NOUN
1964,PRON
1965,VERB
1966,PROPN
1967,CCONJ
1968,SCONJ
1969,NOUN
1970,VERB
1971,ADP
1972,ADJ
1973,NOUN
1974,CCONJ
1975,DET
1976,ADP
1977,PRON
1978,AUX
1979,PROPN
1980,PUNCT
1981,PRON
1982,VERB
1983,PRON
1984,ADP
1985,NOUN
1986,CCONJ
1987,NOUN
1988,PUNCT
1989,PRON
1990,VERB
1991,ADV
1992,SCONJ
1993,PRON
1994,AUX
1995,DET
1996,ADJ
1997,ADP
1998,ADV
1999,PART
2000,VERB
2001,DET
2002,PRON
2003,PUNCT
2004,PRON
2005,ADP
2006,NOUN
2007,DET
2008,AUX
2009,VERB
2010,ADP
2011,NOUN
2012,PUNCT
2013,NUM
2014,NOUN
2015,ADP
2016,NOUN
2017,CCONJ
2018,NOUN
2019,PUNCT
2020,NOUN
2021,PUNCT
2022,VERB
2023,CCONJ
2024,NOUN
2025,PUNCT
2026,PRON
2027,VERB
2028,ADV
2029,SCONJ
2030,PRON
2031,PRON
2032,VERB
2033,PRON
2034,ADP
2035,NOUN
2036,AUX
2037,DET
2038,NOUN
2039,NOUN
2040,CCONJ
2041,SCONJ
2042,PRON
2043,VERB
2044,PRON
2045,ADP
2046,AUX
2047,PRON
2048,ADV
2049,NOUN
2050,SCONJ
2051,PRON
2052,VERB
2053,PRON
2054,ADP
2055,PRON
2056,NOUN
2057,ADP
2058,NOUN
2059,PUNCT
2060,NOUN
2061,PUNCT
2062,DET
2063,ADJ
2064,NOUN
2065,PUNCT
2066,NOUN
2067,PUNCT
2068,PRON
2069,AUX
2070,VERB
2071,PUNCT
2072,ADV
2073,ADV
2074,VERB
2075,PRON
2076,SCONJ
2077,NOUN
2078,DET
2079,AUX
2080,NOUN
2081,ADP
2082,NOUN
2083,PUNCT
2084,SCONJ
2085,PRON
2086,VERB
2087,ADV
2088,PUNCT
2089,ADP
2090,DET
2091,NOUN
2092,ADP
2093,ADP
2094,NOUN
2095,ADP
2096,NOUN
2097,VERB
2098,DET
2099,NOUN
2100,NOUN
2101,PUNCT
2102,ADJ
2103,NOUN
2104,AUX
2105,VERB
2106,NOUN
2107,ADP
2108,NOUN
2109,NOUN
2110,PUNCT
2111,PRON
2112,AUX
2113,NOUN
2114,CCONJ
2115,NOUN
2116,ADP
2117,DET
2118,NOUN
2119,PUNCT
2120,DET
2121,NOUN
2122,ADP
2123,NOUN
2124,ADP
2125,PRON
2126,PRON
2127,ADJ
2128,VERB
2129,ADP
2130,PROPN
2131,PUNCT
2132,DET
2133,NOUN
2134,NOUN
2135,ADP
2136,PART
2137,VERB
2138,DET
2139,ADJ
2140,NOUN
2141,ADP
2142,NOUN
2143,PUNCT
2144,PROPN
2145,NOUN
2146,AUX
2147,ADV
2148,VERB
2149,PRON
2150,ADP
2151,NOUN
2152,ADP
2153,NUM
2154,NOUN
2155,PUNCT
2156,PRON
2157,AUX
2158,NOUN
2159,NOUN
2160,DET
2161,ADP
2162,NOUN
2163,NOUN
2164,CCONJ
2165,AUX
2166,ADP
2167,NOUN
2168,ADV
2169,ADP
2170,ADP
2171,DET
2172,NOUN
2173,ADP
2174,NOUN
2175,ADP
2176,NOUN
2177,PUNCT
2178,PRON
2179,NOUN
2180,PRON
2181,ADV
2182,VERB
2183,PRON
2184,PUNCT
2185,PRON
2186,AUX
2187,ADV
2188,ADJ
2189,PRON
2190,VERB
2191,NOUN
2192,ADP
2193,NOUN
2194,ADP
2195,DET
2196,NOUN
2197,PUNCT
2198,DET
2199,NOUN
2200,NOUN
2201,VERB
2202,ADV
2203,PART
2204,VERB
2205,PRON
2206,PUNCT
2207,PRON
2208,AUX
2209,PRON
2210,VERB
2211,PUNCT
2212,NOUN
2213,ADP
2214,PROPN
2215,ADP
2216,DET
2217,ADJ
2218,NOUN
2219,PUNCT
2220,PUNCT
2221,AUX
2222,PRON
2223,VERB
2224,DET
2225,NOUN
2226,PUNCT
2227,PUNCT
2228,PUNCT
2229,NOUN
2230,NOUN
2231,PRON
2232,DET
2233,ADJ
2234,NOUN
2235,ADP
2236,PROPN
2237,PUNCT
2238,DET
2239,NOUN
2240,AUX
2241,PRON
2242,VERB
2243,ADP
2244,NOUN
2245,PUNCT
2246,SCONJ
2247,PRON
2248,ADV
2249,AUX
2250,VERB
2251,PRON
2252,PUNCT
2253,AUX
2254,PRON
2255,VERB
2256,NOUN
2257,PUNCT
2258,SCONJ
2259,PRON
2260,VERB
2261,PRON
2262,ADP
2263,NOUN
2264,ADP
2265,NOUN
2266,DET
2267,NOUN
2268,NOUN
2269,VERB
2270,PRON
2271,SCONJ
2272,PRON
2273,VERB
2274,DET
2275,NOUN
2276,ADP
2277,NOUN
2278,PUNCT
2279,PRON
2280,AUX
2281,ADP
2282,PROPN
2283,NOUN
2284,PUNCT
2285,PRON
2286,VERB
2287,PRON
2288,NOUN
2289,PUNCT
2290,CCONJ
2291,NOUN
2292,VERB
2293,ADJ
2294,NOUN
2295,SCONJ
2296,PRON
2297,VERB
2298,SCONJ
2299,PRON
2300,AUX
2301,VERB
2302,NOUN
2303,PUNCT
2304,PUNCT
2305,PRON
2306,VERB
2307,SCONJ
2308,PRON
2309,AUX
2310,AUX
2311,AUX
2312,VERB
2313,ADP
2314,DET
2315,NOUN
2316,ADJ
2317,ADP
2318,PRON
2319,VERB
2320,NOUN
2321,CCONJ
2322,NOUN
2323,PUNCT
2324,CCONJ
2325,PRON
2326,AUX
2327,PRON
2328,ADP
2329,NOUN
2330,NOUN
2331,PRON
2332,DET
2333,ADP
2334,DET
2335,NOUN
2336,NOUN
2337,ADP
2338,NOUN
2339,PRON
2340,ADV
2341,NOUN
2342,ADP
2343,DET
2344,NOUN
2345,PRON
2346,PRON
2347,AUX
2348,VERB
2349,ADP
2350,DET
2351,NOUN
2352,PUNCT
2353,PRON
2354,AUX
2355,NOUN
2356,PUNCT
2357,CCONJ
2358,PRON
2359,AUX
2360,SCONJ
2361,PRON
2362,VERB
2363,DET
2364,NOUN
2365,ADP
2366,NOUN
2367,ADP
2368,NOUN
2369,PRON
2370,VERB
2371,PRON
2372,VERB
2373,NOUN
2374,ADP
2375,PRON
2376,NOUN
2377,VERB
2378,SCONJ
2379,PRON
2380,ADV
2381,AUX
2382,VERB
2383,PRON
2384,PUNCT
2385,CCONJ
2386,PRON
2387,AUX
2388,DET
2389,DET
2390,NOUN
2391,ADP
2392,PUNCT
2393,NOUN
2394,ADP
2395,DET
2396,NOUN
2397,VERB
2398,DET
2399,NOUN
2400,PRON
2401,VERB
2402,ADP
2403,PUNCT
2404,NOUN
2405,PUNCT
2406,PUNCT
2407,PRON
2408,VERB
2409,ADP
2410,DET
2411,NOUN
2412,NOUN
2413,ADP
2414,NOUN
2415,PUNCT
2416,NOUN
2417,NOUN
2418,PUNCT
2419,ADP
2420,DET
2421,ADV
2422,AUX
2423,ADV
2424,PRON
2425,DET
2426,NOUN
2427,PRON
2428,PRON
2429,VERB
2430,ADV
2431,ADJ
2432,PUNCT
2433,CCONJ
2434,ADV
2435,AUX
2436,ADV
2437,PRON
2438,DET
2439,NOUN
2440,NOUN
2441,PRON
2442,ADV
2443,PUNCT
2444,NOUN
2445,PRON
2446,AUX
2447,NOUN
2448,AUX
2449,ADJ
2450,DET
2451,ADJ
2452,PRON
2453,PRON
2454,ADV
2455,ADV
2456,AUX
2457,VERB
2458,ADJ
2459,PUNCT
2460,CCONJ
2461,PRON
2462,PRON
2463,NOUN
2464,NOUN
2465,PRON
2466,AUX
2467,ADV
2468,VERB
2469,PRON
2470,NOUN
2471,NOUN
2472,CCONJ
2473,ADV
2474,VERB
2475,DET
2476,ADJ
2477,NOUN
2478,ADP
2479,NOUN
2480,ADP
2481,PUNCT
2482,PRON
2483,AUX
2484,ADJ
2485,PUNCT
2486,NOUN
2487,NOUN
2488,CCONJ
2489,NOUN
2490,ADP
2491,NOUN
2492,NOUN
2493,PUNCT
2494,ADP
2495,NOUN
2496,PRON
2497,AUX
2498,VERB
2499,VERB
2500,PRON
2501,DET
2502,DET
2503,NOUN
2504,PUNCT
2505,CCONJ
2506,PRON
2507,VERB
2508,PRON
2509,PUNCT
2510,PUNCT
2511,PUNCT
2512,NOUN
2513,PUNCT
2514,CCONJ
2515,NOUN
2516,PUNCT
2517,VERB
2518,NUM
2519,NOUN
2520,PUNCT
2521,NOUN
2522,CCONJ
2523,NOUN
2524,PUNCT
2525,NOUN
2526,AUX
2527,VERB
2528,NOUN
2529,ADP
2530,DET
2531,ADJ
2532,PUNCT
2533,PRON
2534,AUX
2535,VERB
2536,SCONJ
2537,PRON
2538,AUX
2539,VERB
2540,PRON
2541,PRON
2542,VERB
2543,ADP
2544,DET
2545,NOUN
2546,NOUN
2547,NOUN
2548,PUNCT
2549,CCONJ
2550,AUX
2551,VERB
2552,ADJ
2553,VERB
2554,PUNCT
2555,NOUN
2556,AUX
2557,VERB
2558,PUNCT
2559,ADP
2560,PART
2561,VERB
2562,DET
2563,ADJ
2564,PUNCT
2565,PRON
2566,PRON
2567,VERB
2568,ADP
2569,NOUN
2570,NOUN
2571,AUX
2572,NOUN
2573,ADP
2574,PART
2575,VERB
2576,PRON
2577,PRON
2578,VERB
2579,ADP
2580,SCONJ
2581,PRON
2582,VERB
2583,NOUN
2584,PUNCT
2585,NOUN
2586,AUX
2587,ADV
2588,VERB
2589,NOUN
2590,CCONJ
2591,NOUN
2592,NOUN
2593,PUNCT
2594,NOUN
2595,ADP
2596,NOUN
2597,NOUN
2598,PROPN
2599,PROPN
2600,VERB
2601,DET
2602,ADJ
2603,AUX
2604,DET
2605,NOUN
2606,NOUN
2607,PUNCT
2608,SCONJ
2609,PRON
2610,VERB
2611,ADJ
2612,ADP
2613,ADV
2614,NOUN
2615,NOUN
2616,NOUN
2617,AUX
2618,PUNCT
2619,PUNCT
2620,PRON
2621,VERB
2622,ADJ
2623,PUNCT
2624,ADJ
2625,ADJ
2626,DET
2627,NOUN
2628,PUNCT
2629,VERB
2630,PRON
2631,PUNCT
2632,NOUN
2633,AUX
2634,VERB
2635,ADP
2636,ADJ
2637,NOUN
2638,PUNCT
2639,DET
2640,ADJ
2641,AUX
2642,SCONJ
2643,PRON
2644,VERB
2645,ADV
2646,DET
2647,ADV
2648,ADJ
2649,PRON
2650,AUX
2651,NOUN
2652,PUNCT
2653,ADP
2654,NOUN
2655,PRON
2656,PRON
2657,VERB
2658,ADJ
2659,ADP
2660,CCONJ
2661,ADP
2662,DET
2663,NOUN
2664,PUNCT
2665,DET
2666,ADJ
2667,NOUN
2668,AUX
2669,ADV
2670,DET
2671,ADJ
2672,CCONJ
2673,ADV
2674,DET
2675,ADJ
2676,ADJ
2677,PUNCT
2678,PRON
2679,AUX
2680,ADV
2681,VERB
2682,PART
2683,VERB
2684,PRON
2685,ADJ
2686,ADJ
2687,ADP
2688,NOUN
2689,PUNCT
2690,NOUN
2691,ADP
2692,NOUN
2693,AUX
2694,AUX
2695,ADJ
2696,PUNCT
2697,NOUN
2698,PUNCT
2699,NOUN
2700,ADP
2701,NOUN
2702,PUNCT
2703,NOUN
2704,PUNCT
2705,NOUN
2706,CCONJ
2707,NOUN
2708,ADP
2709,DET
2710,PUNCT
2711,NOUN
2712,AUX
2713,VERB
2714,DET
2715,NOUN
2716,NOUN
2717,ADP
2718,NOUN
2719,PUNCT
2720,NOUN
2721,ADP
2722,NOUN
2723,VERB
2724,NOUN
2725,CCONJ
2726,PRON
2727,AUX
2728,ADJ
2729,NOUN
2730,PUNCT
2731,PUNCT
2732,PRON
2733,AUX
2734,ADJ
2735,VERB
2736,NOUN
2737,ADP
2738,DET
2739,NOUN
2740,NOUN
2741,PUNCT
2742,PRON
2743,AUX
2744,VERB
2745,NOUN
2746,CCONJ
2747,NOUN
2748,PUNCT
2749,DET
2750,ADJ
2751,NOUN
2752,ADP
2753,SCONJ
2754,PRON
2755,VERB
2756,ADJ
2757,NOUN
2758,NOUN
2759,PUNCT
2760,PRON
2761,AUX
2762,PRON
2763,VERB
2764,NOUN
2765,ADP
2766,PUNCT
2767,VERB
2768,NOUN
2769,PUNCT
2770,DET
2771,NOUN
2772,NOUN
2773,AUX
2774,DET
2775,ADJ
2776,NOUN
2777,VERB
2778,NOUN
2779,ADP
2780,SCONJ
2781,PRON
2782,VERB
2783,PRON
2784,ADP
2785,NOUN
2786,ADP
2787,NOUN
2788,NOUN
2789,ADP
2790,ADJ
2791,NOUN
2792,ADP
2793,NOUN
2794,PUNCT
2795,NOUN
2796,AUX
2797,ADV
2798,NOUN
2799,PUNCT
2800,ADV
2801,NOUN
2802,PUNCT
2803,NOUN
2804,ADV
2805,NOUN
2806,PUNCT
2807,NOUN
2808,NOUN
2809,AUX
2810,PRON
2811,ADV
2812,NOUN
2813,PRON
2814,AUX
2815,ADJ
2816,NOUN
2817,ADP
2818,PUNCT
2819,PUNCT
2820,NOUN
2821,PUNCT
2822,NOUN
2823,PUNCT
2824,PRON
2825,AUX
2826,NOUN
2827,DET
2828,PUNCT
2829,VERB
2830,PRON
2831,CCONJ
2832,VERB
2833,PRON
2834,DET
2835,NOUN
2836,PUNCT
2837,CCONJ
2838,NOUN
2839,NOUN
2840,ADV
2841,PUNCT
2842,PRON
2843,VERB
2844,ADP
2845,PART
2846,VERB
2847,PRON
2848,ADV
2849,PRON
2850,VERB
2851,ADP
2852,PROPN
2853,PUNCT
2854,VERB
2855,PRON
2856,PUNCT
2857,PRON
2858,AUX
2859,ADP
2860,NOUN
2861,PUNCT
2862,PRON
2863,AUX
2864,DET
2865,ADJ
2866,PUNCT
2867,NOUN
2868,AUX
2869,ADV
2870,VERB
2871,SCONJ
2872,NOUN
2873,AUX
2874,VERB
2875,ADP
2876,PUNCT
2877,NOUN
2878,AUX
2879,ADV
2880,VERB
2881,DET
2882,NOUN
2883,ADP
2884,NOUN
2885,PUNCT
2886,ADP
2887,AUX
2888,PRON
2889,ADJ
2890,NOUN
2891,PRON
2892,PRON
2893,ADV
2894,VERB
2895,PUNCT
2896,CCONJ
2897,NUM
2898,NOUN
2899,AUX
2900,PRON
2901,VERB
2902,PRON
2903,NOUN
2904,PUNCT
2905,NUM
2906,NOUN
2907,ADP
2908,SCONJ
2909,PRON
2910,VERB
2911,DET
2912,ADJ
2913,NOUN
2914,ADP
2915,NOUN
2916,VERB
2917,PRON
2918,ADP
2919,NOUN
2920,ADP
2921,ADP
2922,PROPN
2923,PUNCT
2924,ADP
2925,DET
2926,ADJ
2927,NOUN
2928,NOUN
2929,NOUN
2930,NOUN
2931,SCONJ
2932,PRON
2933,ADJ
2934,VERB
2935,NOUN
2936,PUNCT
2937,PRON
2938,VERB
2939,PRON
2940,ADP
2941,DET
2942,NUM
2943,NOUN
2944,NOUN
2945,PRON
2946,AUX
2947,VERB
2948,ADP
2949,DET
2950,DET
2951,NOUN
2952,PUNCT
2953,PRON
2954,VERB
2955,PRON
2956,NOUN
2957,PUNCT
2958,PRON
2959,VERB
2960,PRON
2961,ADP
2962,NOUN
2963,PUNCT
2964,NOUN
2965,ADP
2966,NOUN
2967,AUX
2968,PRON
2969,NOUN
2970,ADP
2971,NOUN
2972,PUNCT
2973,PRON
2974,NOUN
2975,PUNCT
2976,NOUN
2977,ADV
2978,PART
2979,VERB
2980,PUNCT
2981,ADP
2982,NUM
2983,NOUN
2984,NOUN
2985,NOUN
2986,PUNCT
2987,PRON
2988,VERB
2989,PRON
2990,ADP
2991,ADP
2992,NOUN
2993,CCONJ
2994,NOUN
2995,NOUN
2996,ADP
2997,SCONJ
2998,NOUN
2999,AUX
3000,ADV
3001,NOUN
3002,ADJ
3003,PUNCT
3004,ADP
3005,PRON
3006,AUX
3007,PRON
3008,PRON
3009,VERB
3010,NOUN
3011,AUX
3012,PUNCT
3013,ADV
3014,ADV
3015,ADV
3016,NOUN
3017,ADP
3018,DET
3019,ADJ
3020,NOUN
3021,PUNCT
3022,CCONJ
3023,ADV
3024,DET
3025,NOUN
3026,NOUN
3027,ADP
3028,NOUN
3029,PUNCT
3030,PUNCT
3031,PRON
3032,AUX
3033,DET
3034,ADJ
3035,NOUN
3036,NOUN
3037,PUNCT
3038,PRON
3039,VERB
3040,ADP
3041,NOUN
3042,ADP
3043,NOUN
3044,ADP
3045,NOUN
3046,ADP
3047,NOUN
3048,ADP
3049,NOUN
3050,PUNCT
3051,PRON
3052,ADV
3053,AUX
3054,VERB
3055,NOUN
3056,ADP
3057,DET
3058,NOUN
3059,PUNCT
3060,DET
3061,VERB
3062,PUNCT
3063,PRON
3064,AUX
3065,ADV
3066,ADJ
3067,NOUN
3068,NOUN
3069,PUNCT
3070,NOUN
3071,VERB
3072,NOUN
3073,ADP
3074,NOUN
3075,DET
3076,AUX
3077,VERB
3078,ADP
3079,DET
3080,NOUN
3081,PUNCT
3082,PUNCT
3083,ADV
3084,AUX
3085,PRON
3086,AUX
3087,ADJ
3088,ADP
3089,PRON
3090,PRON
3091,VERB
3092,PUNCT
3093,PRON
3094,AUX
3095,ADV
3096,DET
3097,ADJ
3098,NOUN
3099,NOUN
3100,PUNCT
3101,DET
3102,ADJ
3103,NOUN
3104,NOUN
3105,PRON
3106,ADJ
3107,PUNCT
3108,PRON
3109,VERB
3110,ADV
3111,ADJ
3112,NOUN
3113,PUNCT
3114,ADV
3115,ADP
3116,DET
3117,NOUN
3118,AUX
3119,NOUN
3120,PUNCT
3121,VERB
3122,PRON
3123,SCONJ
3124,DET
3125,NOUN
3126,AUX
3127,VERB
3128,DET
3129,NOUN
3130,ADP
3131,PRON
3132,ADV
3133,PUNCT
3134,CCONJ
3135,SCONJ
3136,PRON
3137,AUX
3138,VERB
3139,DET
3140,NOUN
3141,ADP
3142,PRON
3143,PUNCT
3144,NOUN
3145,AUX
3146,ADV
3147,NOUN
3148,NOUN
3149,ADP
3150,DET
3151,NOUN
3152,PRON
3153,AUX
3154,VERB
3155,PRON
3156,PUNCT
3157,PRON
3158,AUX
3159,VERB
3160,NOUN
3161,ADP
3162,PART
3163,VERB
3164,PRON
3165,NOUN
3166,ADP
3167,NOUN
3168,DET
3169,PUNCT
3170,VERB
3171,PRON
3172,NOUN
3173,PUNCT
3174,NOUN
3175,VERB
3176,ADJ
3177,DET
3178,ADJ
3179,NOUN
3180,ADP
3181,SCONJ
3182,PRON
3183,VERB
3184,ADP
3185,PUNCT
3186,PRON
3187,AUX
3188,ADP
3189,DET
3190,NOUN
3191,PRON
3192,VERB
3193,PRON
3194,ADP
3195,PRON
3196,DET
3197,PUNCT
3198,ADP
3199,NOUN
3200,VERB
3201,PRON
3202,NOUN
3203,ADP
3204,NOUN
3205,PUNCT
3206,NOUN
3207,PUNCT
3208,NOUN
3209,PUNCT
3210,NOUN
3211,CCONJ
3212,NOUN
3213,PUNCT
3214,NOUN
3215,CCONJ
3216,NOUN
3217,PUNCT
3218,PRON
3219,VERB
3220,ADP
3221,SCONJ
3222,PRON
3223,VERB
3224,DET
3225,ADJ
3226,NOUN
3227,CCONJ
3228,NOUN
3229,DET
3230,NOUN
3231,NOUN
3232,ADJ
3233,ADP
3234,ADJ
3235,NOUN
3236,PUNCT
3237,PRON
3238,VERB
3239,DET
3240,NOUN
3241,PUNCT
3242,ADP
3243,NOUN
3244,AUX
3245,PRON
3246,ADJ
3247,PUNCT
3248,VERB
3249,NOUN
3250,PUNCT
3251,PRON
3252,ADJ
3253,PRON
3254,ADV
3255,ADV
3256,PUNCT
3257,NOUN
3258,DET
3259,DET
3260,DET
3261,NOUN
3262,PRON
3263,AUX
3264,VERB
3265,NOUN
3266,ADP
3267,NOUN
3268,DET
3269,PUNCT
3270,NOUN
3271,ADP
3272,NOUN
3273,CCONJ
3274,NOUN
3275,AUX
3276,NOUN
3277,PUNCT
3278,NOUN
3279,AUX
3280,ADV
3281,ADP
3282,ADJ
3283,VERB
3284,SCONJ
3285,PRON
3286,ADV
3287,NOUN
3288,ADP
3289,NOUN
3290,CCONJ
3291,ADV
3292,AUX
3293,PRON
3294,ADV
3295,VERB
3296,ADP
3297,NOUN
3298,PUNCT
3299,ADV
3300,AUX
3301,PRON
3302,ADV
3303,DET
3304,NOUN
3305,PUNCT
3306,DET
3307,NOUN
3308,PUNCT
3309,NUM
3310,NOUN
3311,ADP
3312,NUM
3313,NOUN
3314,AUX
3315,ADV
3316,ADJ
3317,PART
3318,VERB
3319,PUNCT
3320,CCONJ
3321,NOUN
3322,AUX
3323,PRON
3324,VERB
3325,ADP
3326,PUNCT
3327,PRON
3328,VERB
3329,ADV
3330,ADV
3331,ADJ
3332,NOUN
3333,ADP
3334,ADV
3335,PRON
3336,AUX
3337,VERB
3338,NOUN
3339,PUNCT
3340,ADP
3341,DET
3342,NOUN
3343,NOUN
3344,VERB
3345,PRON
3346,PRON
3347,PUNCT
3348,NOUN
3349,VERB
3350,NOUN
3351,NOUN
3352,ADP
3353,ADP
3354,NOUN
3355,PUNCT
3356,PRON
3357,VERB
3358,ADP
3359,DET
3360,ADJ
3361,NOUN
3362,ADP
3363,NOUN
3364,PUNCT
3365,PUNCT
3366,NOUN
3367,PRON
3368,ADJ
3369,CCONJ
3370,ADJ
3371,VERB
3372,ADV
3373,PUNCT
3374,PRON
3375,VERB
3376,ADV
3377,ADV
3378,SCONJ
3379,PRON
3380,AUX
3381,VERB
3382,ADJ
3383,ADJ
3384,PUNCT
3385,PRON
3386,AUX
3387,ADJ
3388,NOUN
3389,VERB
3390,DET
3391,NOUN
3392,ADP
3393,NOUN
3394,CCONJ
3395,NOUN
3396,PUNCT
3397,DET
3398,ADJ
3399,NOUN
3400,ADP
3401,PROPN
3402,AUX
3403,ADV
3404,ADP
3405,PRON
3406,ADJ
3407,ADJ
3408,PUNCT
3409,PRON
3410,AUX
3411,PRON
3412,ADJ
3413,ADJ
3414,ADP
3415,DET
3416,NOUN
3417,PUNCT
3418,SCONJ
3419,PRON
3420,AUX
3421,NOUN
3422,CCONJ
3423,NOUN
3424,VERB
3425,PRON
3426,ADV
3427,PUNCT
3428,VERB
3429,PRON
3430,PUNCT
3431,PUNCT
3432,PART
3433,ADV
3434,ADJ
3435,AUX
3436,ADV
3437,AUX
3438,ADJ
3439,PUNCT
3440,SCONJ
3441,PRON
3442,ADV
3443,ADJ
3444,ADV
3445,NOUN
3446,ADP
3447,NOUN
3448,ADP
3449,NOUN
3450,NOUN
3451,AUX
3452,ADV
3453,ADJ
3454,PUNCT
3455,PUNCT
3456,PRON
3457,AUX
3458,DET
3459,CCONJ
3460,NOUN
3461,NOUN
3462,ADJ
3463,PUNCT
3464,PRON
3465,AUX
3466,PRON
3467,ADV
3468,ADP
3469,NOUN
3470,PUNCT
3471,ADV
3472,VERB
3473,PRON
3474,PART
3475,VERB
3476,ADP
3477,NOUN
3478,NOUN
3479,CCONJ
3480,NOUN
3481,NOUN
3482,NOUN
3483,NOUN
3484,NOUN
3485,PUNCT
3486,PRON
3487,AUX
3488,ADV
3489,PRON
3490,ADP
3491,NUM
3492,NOUN
3493,ADP
3494,VERB
3495,DET
3496,NUM
3497,NOUN
3498,ADP
3499,NOUN
3500,PUNCT
3501,ADP
3502,NOUN
3503,NOUN
3504,PRON
3505,NOUN
3506,CCONJ
3507,ADJ
3508,ADP
3509,DET
3510,NOUN
3511,ADP
3512,NOUN
3513,PUNCT
3514,NOUN
3515,AUX
3516,VERB
3517,PUNCT
3518,PRON
3519,AUX
3520,AUX
3521,NOUN
3522,PUNCT
3523,NOUN
3524,CCONJ
3525,NOUN
3526,PUNCT
3527,PRON
3528,VERB
3529,SCONJ
3530,NOUN
3531,AUX
3532,VERB
3533,ADP
3534,ADP
3535,ADJ
3536,NOUN
3537,NOUN
3538,PUNCT
3539,SCONJ
3540,NOUN
3541,AUX
3542,VERB
3543,DET
3544,NOUN
3545,ADP
3546,NOUN
3547,ADP
3548,NOUN
3549,CCONJ
3550,NOUN
3551,ADP
3552,NOUN
3553,PUNCT
3554,PRON
3555,VERB
3556,ADJ
3557,NOUN
3558,ADP
3559,PRON
3560,PRON
3561,AUX
3562,VERB
3563,NOUN
3564,ADP
3565,NOUN
3566,PUNCT
3567,PRON
3568,VERB
3569,DET
3570,NOUN
3571,PUNCT
3572,DET
3573,DET
3574,NOUN
3575,ADP
3576,NOUN
3577,PUNCT
3578,DET
3579,DET
3580,NOUN
3581,PUNCT
3582,ADP
3583,NOUN
3584,AUX
3585,NOUN
3586,VERB
3587,SCONJ
3588,PRON
3589,AUX
3590,VERB
3591,NUM
3592,NOUN
3593,PUNCT
3594,PRON
3595,AUX
3596,ADP
3597,NOUN
3598,VERB
3599,DET
3600,NOUN
3601,DET
3602,ADP
3603,NOUN
3604,PROPN
3605,NOUN
3606,ADP
3607,NOUN
3608,VERB
3609,PART
3610,VERB
3611,DET
3612,NOUN
3613,PUNCT
3614,PRON
3615,AUX
3616,ADV
3617,ADP
3618,ADP
3619,NOUN
3620,NOUN
3621,SCONJ
3622,PRON
3623,VERB
3624,PUNCT
3625,PRON
3626,VERB
3627,NOUN
3628,NOUN
3629,ADP
3630,NUM
3631,ADJ
3632,NOUN
3633,PUNCT
3634,PUNCT
3635,PRON
3636,AUX
3637,DET
3638,NOUN
3639,PRON
3640,AUX
3641,ADJ
3642,PART
3643,VERB
3644,ADP
3645,ADP
3646,PUNCT
3647,PRON
3648,AUX
3649,ADV
3650,DET
3651,NOUN
3652,ADP
3653,DET
3654,VERB
3655,PUNCT
3656,CCONJ
3657,NOUN
3658,AUX
3659,PRON
3660,ADP
3661,DET
3662,NOUN
3663,PUNCT
3664,PRON
3665,AUX
3666,ADV
3667,DET
3668,ADJ
3669,NOUN
3670,ADP
3671,DET
3672,ADJ
3673,NOUN
3674,PUNCT
3675,VERB
3676,PRON
3677,PUNCT
3678,PUNCT
3679,PRON
3680,VERB
3681,ADV
3682,ADP
3683,PART
3684,VERB
3685,PRON
3686,PUNCT
3687,CCONJ
3688,ADP
3689,PART
3690,VERB
3691,NOUN
3692,ADP
3693,ADJ
3694,PUNCT
3695,PRON
3696,AUX
3697,ADJ
3698,PART
3699,VERB
3700,ADP
3701,NOUN
3702,PUNCT
3703,VERB
3704,PRON
3705,PUNCT
3706,VERB
3707,NOUN
3708,ADP
3709,NOUN
3710,ADV
3711,PUNCT
3712,VERB
3713,NOUN
3714,ADP
3715,ADJ
3716,NOUN
3717,PROPN
3718,NOUN
3719,AUX
3720,DET
3721,NOUN
3722,NOUN
3723,ADJ
3724,ADJ
3725,AUX
3726,VERB
3727,ADP
3728,NUM
3729,NOUN
3730,PUNCT
3731,ADJ
3732,NOUN
3733,VERB
3734,NOUN
3735,NOUN
3736,PUNCT
3737,PUNCT
3738,DET
3739,NOUN
3740,NOUN
3741,ADP
3742,ADJ
3743,NOUN
3744,PUNCT
3745,PUNCT
3746,CCONJ
3747,PRON
3748,VERB
3749,ADV
3750,ADP
3751,SCONJ
3752,PRON
3753,ADP
3754,NOUN
3755,ADP
3756,PART
3757,AUX
3758,NOUN
3759,ADV
3760,AUX
3761,NOUN
3762,PUNCT
3763,NOUN
3764,VERB
3765,PRON
3766,DET
3767,NOUN
3768,NOUN
3769,ADP
3770,PART
3771,VERB
3772,NOUN
3773,ADP
3774,DET
3775,NOUN
3776,ADP
3777,NOUN
3778,PUNCT
3779,PRON
3780,VERB
3781,CCONJ
3782,ADP
3783,NOUN
3784,NOUN
3785,CCONJ
3786,PRON
3787,PRON
3788,ADV
3789,NOUN
3790,ADJ
3791,PUNCT
3792,ADP
3793,NOUN
3794,CCONJ
3795,NOUN
3796,AUX
3797,PRON
3798,VERB
3799,DET
3800,ADJ
3801,NOUN
3802,SCONJ
3803,NOUN
3804,VERB
3805,DET
3806,NOUN
3807,PUNCT
3808,NOUN
3809,ADP
3810,NOUN
3811,PUNCT
3812,CCONJ
3813,VERB
3814,NOUN
3815,DET
3816,NOUN
3817,NOUN
3818,ADP
3819,DET
3820,ADJ
3821,NOUN
3822,PUNCT
3823,NOUN
3824,CCONJ
3825,PROPN
3826,NOUN
3827,PUNCT
3828,NOUN
3829,ADP
3830,NOUN
3831,NOUN
3832,NOUN
3833,NOUN
3834,ADP
3835,DET
3836,NOUN
3837,ADP
3838,PROPN
3839,CCONJ
3840,PROPN
3841,ADP
3842,ADJ
3843,NOUN
3844,ADP
3845,DET
3846,DET
3847,NOUN
3848,PUNCT
3849,NOUN
3850,NOUN
3851,PUNCT
3852,DET
3853,NOUN
3854,NOUN
3855,AUX
3856,NOUN
3857,ADP
3858,PUNCT
3859,NOUN
3860,PUNCT
3861,PUNCT
3862,VERB
3863,ADP
3864,NOUN
3865,ADP
3866,NOUN
3867,PUNCT
3868,PROPN
3869,NOUN
3870,NOUN
3871,ADP
3872,NOUN
3873,ADP
3874,AUX
3875,NOUN
3876,PUNCT
3877,VERB
3878,ADP
3879,NOUN
3880,NOUN
3881,NOUN
3882,NOUN
3883,PUNCT
3884,CCONJ
3885,NOUN
3886,NOUN
3887,AUX
3888,ADJ
3889,NOUN
3890,ADP
3891,NOUN
3892,ADP
3893,NOUN
3894,PUNCT
3895,CCONJ
3896,NOUN
3897,NOUN
3898,PART
3899,NOUN
3900,CCONJ
3901,NOUN
3902,PUNCT
3903,PRON
3904,AUX
3905,DET
3906,NOUN
3907,NOUN
3908,ADP
3909,DET
3910,NOUN
3911,ADP
3912,NOUN
3913,PUNCT
3914,ADP
3915,DET
3916,ADJ
3917,NOUN
3918,PRON
3919,DET
3920,AUX
3921,NOUN
3922,CCONJ
3923,VERB
3924,PUNCT
3925,ADP
3926,NOUN
3927,NOUN
3928,NOUN
3929,PUNCT
3930,ADP
3931,DET
3932,ADJ
3933,NOUN
3934,NOUN
3935,DET
3936,ADJ
3937,NOUN
3938,PUNCT
3939,ADP
3940,DET
3941,NOUN
3942,NOUN
3943,NOUN
3944,DET
3945,NOUN
3946,NOUN
3947,PUNCT
3948,CCONJ
3949,DET
3950,NOUN
3951,VERB
3952,PRON
3953,PUNCT
3954,NOUN
3955,VERB
3956,ADV
3957,ADP
3958,NUM
3959,PUNCT
3960,NOUN
3961,ADP
3962,PUNCT
3963,CCONJ
3964,NOUN
3965,ADP
3966,PUNCT
3967,DET
3968,NOUN
3969,NOUN
3970,AUX
3971,AUX
3972,DET
3973,NOUN
3974,NOUN
3975,ADP
3976,ADJ
3977,NOUN
3978,CCONJ
3979,ADP
3980,ADJ
3981,NOUN
3982,ADP
3983,NOUN
3984,ADV
3985,PUNCT
3986,NOUN
3987,NOUN
3988,AUX
3989,ADV
3990,ADV
3991,DET
3992,NOUN
3993,ADP
3994,DET
3995,ADJ
3996,NOUN
3997,DET
3998,NOUN
3999,NOUN
4000,ADJ
4001,CCONJ
4002,ADJ
4003,NOUN
4004,ADP
4005,PART
4006,VERB
4007,PUNCT
4008,AUX
4009,NOUN
4010,ADP
4011,ADV
4012,NOUN
4013,ADP
4014,DET
4015,NOUN
4016,ADP
4017,NOUN
4018,NOUN
4019,VERB
4020,NOUN
4021,ADP
4022,DET
4023,NOUN
4024,PUNCT
4025,PUNCT
4026,DET
4027,DET
4028,PUNCT
4029,PUNCT
4030,DET
4031,NOUN
4032,CCONJ
4033,NOUN
4034,NOUN
4035,PRON
4036,AUX
4037,NOUN
4038,ADP
4039,ADJ
4040,NOUN
4041,ADP
4042,PUNCT
4043,CCONJ
4044,PRON
4045,DET
4046,AUX
4047,VERB
4048,PUNCT
4049,NOUN
4050,PUNCT
4051,NOUN
4052,PUNCT
4053,NOUN
4054,PRON
4055,VERB
4056,ADP
4057,DET
4058,PUNCT
4059,PRON
4060,VERB
4061,NOUN
4062,NOUN
4063,PUNCT
4064,NOUN
4065,AUX
4066,VERB
4067,ADP
4068,SCONJ
4069,DET
4070,NOUN
4071,NOUN
4072,CCONJ
4073,AUX
4074,VERB
4075,CCONJ
4076,ADV
4077,NOUN
4078,NOUN
4079,PUNCT
4080,ADP
4081,ADJ
4082,NOUN
4083,NOUN
4084,NOUN
4085,PRON
4086,SCONJ
4087,PRON
4088,VERB
4089,ADJ
4090,NOUN
4091,ADP
4092,PRON
4093,PUNCT
4094,PRON
4095,AUX
4096,VERB
4097,ADP
4098,NOUN
4099,ADP
4100,PART
4101,AUX
4102,AUX
4103,VERB
4104,ADP
4105,NOUN
4106,ADP
4107,NOUN
4108,PUNCT
4109,ADP
4110,PART
4111,VERB
4112,AUX
4113,PRON
4114,VERB
4115,NOUN
4116,ADP
4117,NOUN
4118,ADP
4119,NOUN
4120,PUNCT
4121,CCONJ
4122,ADP
4123,SCONJ
4124,PRON
4125,VERB
4126,NOUN
4127,PUNCT
4128,NOUN
4129,CCONJ
4130,NOUN
4131,NOUN
4132,CCONJ
4133,NOUN
4134,DET
4135,ADJ
4136,NOUN
4137,PUNCT
4138,PRON
4139,ADV
4140,ADJ
4141,NOUN
4142,PUNCT
4143,CCONJ
4144,PRON
4145,VERB
4146,ADJ
4147,NOUN
4148,PUNCT
4149,CCONJ
4150,ADV
4151,NOUN
4152,ADP
4153,NOUN
4154,VERB
4155,PRON
4156,ADP
4157,PART
4158,VERB
4159,NOUN
4160,CCONJ
4161,NOUN
4162,PUNCT
4163,CCONJ
4164,SCONJ
4165,PRON
4166,NOUN
4167,ADV
4168,VERB
4169,ADP
4170,ADV
4171,PUNCT
4172,ADP
4173,NOUN
4174,NOUN
4175,PUNCT
4176,AUX
4177,PRON
4178,ADV
4179,NOUN
4180,PUNCT
4181,NOUN
4182,ADP
4183,NOUN
4184,CCONJ
4185,DET
4186,ADJ
4187,PUNCT
4188,PUNCT
4189,NOUN
4190,PUNCT
4191,NOUN
4192,AUX
4193,DET
4194,CCONJ
4195,NOUN
4196,NOUN
4197,ADP
4198,PUNCT
4199,PRON
4200,AUX
4201,DET
4202,ADJ
4203,NOUN
4204,ADP
4205,DET
4206,ADJ
4207,PUNCT
4208,ADV
4209,SCONJ
4210,PRON
4211,VERB
4212,ADP
4213,DET
4214,ADJ
4215,NOUN
4216,PUNCT
4217,NOUN
4218,NOUN
4219,PUNCT
4220,CCONJ
4221,SCONJ
4222,PRON
4223,AUX
4224,ADJ
4225,ADP
4226,NOUN
4227,PUNCT
4228,PUNCT
4229,ADV
4230,DET
4231,ADJ
4232,AUX
4233,ADV
4234,NOUN
4235,PUNCT
4236,PUNCT
4237,VERB
4238,PRON
4239,DET
4240,NOUN
4241,PUNCT
4242,ADJ
4243,NOUN
4244,AUX
4245,DET
4246,NOUN
4247,CCONJ
4248,DET
4249,NOUN
4250,ADP
4251,DET
4252,NOUN
4253,PUNCT
4254,VERB
4255,NOUN
4256,ADP
4257,NOUN
4258,ADP
4259,PROPN
4260,NOUN
4261,ADP
4262,NOUN
4263,NOUN
4264,PUNCT
4265,NOUN
4266,ADP
4267,ADJ
4268,NOUN
4269,PUNCT
4270,NOUN
4271,NOUN
4272,NOUN
4273,AUX
4274,VERB
4275,DET
4276,NOUN
4277,ADP
4278,NOUN
4279,PUNCT
4280,NOUN
4281,NOUN
4282,ADP
4283,PROPN
4284,AUX
4285,AUX
4286,VERB
4287,NOUN
4288,ADP
4289,NUM
4290,NOUN
4291,PUNCT
4292,PROPN
4293,NOUN
4294,NOUN
4295,NOUN
4296,DET
4297,NOUN
4298,ADP
4299,NOUN
4300,ADP
4301,NOUN
4302,NOUN
4303,ADP
4304,PROPN
4305,PUNCT
4306,AUX
4307,PRON
4308,NOUN
4309,CCONJ
4310,NOUN
4311,DET
4312,NOUN
4313,PUNCT
4314,VERB
4315,DET
4316,NOUN
4317,ADP
4318,NOUN
4319,CCONJ
4320,NOUN
4321,PROPN
4322,ADP
4323,NOUN
4324,PUNCT
4325,PRON
4326,AUX
4327,ADV
4328,NOUN
4329,PROPN
4330,NUM
4331,NOUN
4332,ADP
4333,NOUN
4334,PUNCT
4335,NOUN
4336,NOUN
4337,VERB
4338,ADP
4339,NOUN
4340,PROPN
4341,NUM
4342,NOUN
4343,ADP
4344,SCONJ
4345,PRON
4346,AUX
4347,ADJ
4348,NOUN
4349,ADP
4350,ADJ
4351,NOUN
4352,NOUN
4353,ADP
4354,NOUN
4355,ADJ
4356,NOUN
4357,ADP
4358,PROPN
4359,PUNCT
4360,NOUN
4361,VERB
4362,NOUN
4363,ADP
4364,NOUN
4365,ADP
4366,NOUN
4367,PUNCT
4368,PROPN
4369,AUX
4370,VERB
4371,DET
4372,NOUN
4373,ADP
4374,NOUN
4375,ADP
4376,NOUN
4377,PUNCT
4378,NOUN
4379,AUX
4380,ADJ
4381,DET
4382,ADJ
4383,NOUN
4384,PUNCT
4385,CCONJ
4386,NOUN
4387,NOUN
4388,ADP
4389,NOUN
4390,PUNCT
4391,PUNCT
4392,PRON
4393,AUX
4394,VERB
4395,DET
4396,NOUN
4397,ADP
4398,NOUN
4399,PUNCT
4400,CCONJ
4401,NOUN
4402,ADV
4403,ADP
4404,ADP
4405,PRON
4406,AUX
4407,DET
4408,NOUN
4409,PRON
4410,AUX
4411,VERB
4412,ADP
4413,NOUN
4414,PUNCT
4415,VERB
4416,NOUN
4417,NOUN
4418,NOUN
4419,ADP
4420,PROPN
4421,PUNCT
4422,ADP
4423,DET
4424,NOUN
4425,AUX
4426,NOUN
4427,AUX
4428,AUX
4429,VERB
4430,ADP
4431,DET
4432,NOUN
4433,ADP
4434,NOUN
4435,SCONJ
4436,PRON
4437,VERB
4438,ADP
4439,NOUN
4440,PUNCT
4441,PUNCT
4442,DET
4443,NOUN
4444,AUX
4445,VERB
4446,ADP
4447,NOUN
4448,ADP
4449,NUM
4450,NOUN
4451,ADP
4452,NOUN
4453,PUNCT
4454,VERB
4455,NOUN
4456,NOUN
4457,ADP
4458,PROPN
4459,ADP
4460,NOUN
4461,VERB
4462,ADV
4463,NOUN
4464,ADJ
4465,NOUN
4466,PUNCT
4467,PUNCT
4468,PRON
4469,AUX
4470,ADV
4471,NOUN
4472,SCONJ
4473,PRON
4474,VERB
4475,ADP
4476,PRON
4477,NOUN
4478,CCONJ
4479,NOUN
4480,NOUN
4481,ADP
4482,NOUN
4483,PUNCT
4484,VERB
4485,PRON
4486,PUNCT
4487,NOUN
4488,VERB
4489,ADP
4490,NOUN
4491,PUNCT
4492,ADP
4493,DET
4494,NOUN
4495,VERB
4496,ADP
4497,AUX
4498,NOUN
4499,AUX
4500,VERB
4501,SCONJ
4502,PRON
4503,VERB
4504,PRON
4505,ADP
4506,DET
4507,NOUN
4508,PUNCT
4509,NOUN
4510,ADP
4511,PROPN
4512,AUX
4513,NOUN
4514,NOUN
4515,ADP
4516,PROPN
4517,ADP
4518,NOUN
4519,PUNCT
4520,PUNCT
4521,PRON
4522,AUX
4523,VERB
4524,VERB
4525,DET
4526,ADJ
4527,NOUN
4528,ADP
4529,PROPN
4530,PUNCT
4531,PRON
4532,NOUN
4533,ADP
4534,DET
4535,NOUN
4536,PUNCT
4537,CCONJ
4538,NOUN
4539,PART
4540,VERB
4541,NOUN
4542,PUNCT
4543,VERB
4544,NOUN
4545,NOUN
4546,NOUN
4547,NOUN
4548,ADP
4549,PROPN
4550,NOUN
4551,ADP
4552,PROPN
4553,PUNCT
4554,PUNCT
4555,PRON
4556,VERB
4557,DET
4558,NOUN
4559,ADJ
4560,ADJ
4561,PUNCT
4562,CCONJ
4563,DET
4564,ADJ
4565,ADP
4566,PRON
4567,NOUN
4568,AUX
4569,PART
4570,VERB
4571,NOUN
4572,ADP
4573,ADP
4574,NOUN
4575,PUNCT
4576,VERB
4577,NOUN
4578,PUNCT
4579,PROPN
4580,VERB
4581,SCONJ
4582,PRON
4583,AUX
4584,ADP
4585,NOUN
4586,CCONJ
4587,AUX
4588,VERB
4589,NOUN
4590,ADP
4591,NOUN
4592,CCONJ
4593,NOUN
4594,ADP
4595,NOUN
4596,ADP
4597,NOUN
4598,NOUN
4599,PUNCT
4600,NOUN
4601,AUX
4602,VERB
4603,ADP
4604,PROPN
4605,NOUN
4606,PUNCT
4607,ADP
4608,NOUN
4609,AUX
4610,ADP
4611,NUM
4612,NOUN
4613,VERB
4614,NOUN
4615,PUNCT
4616,PROPN
4617,VERB
4618,ADP
4619,SCONJ
4620,DET
4621,NOUN
4622,AUX
4623,VERB
4624,NOUN
4625,DET
4626,ADP
4627,ADP
4628,NOUN
4629,ADP
4630,DET
4631,NOUN
4632,SCONJ
4633,NOUN
4634,AUX
4635,VERB
4636,PUNCT
4637,NOUN
4638,NOUN
4639,PUNCT
4640,NOUN
4641,CCONJ
4642,NOUN
4643,AUX
4644,VERB
4645,ADV
4646,SCONJ
4647,NOUN
4648,AUX
4649,NOUN
4650,PUNCT
4651,PUNCT
4652,PRON
4653,VERB
4654,NOUN
4655,ADP
4656,NOUN
4657,NOUN
4658,CCONJ
4659,NOUN
4660,NOUN
4661,ADP
4662,NOUN
4663,ADP
4664,NUM
4665,ADP
4666,NUM
4667,NOUN
4668,PUNCT
4669,VERB
4670,NOUN
4671,ADP
4672,NOUN
4673,PROPN
4674,PROPN
4675,ADP
4676,PROPN
4677,PUNCT
4678,PRON
4679,VERB
4680,SCONJ
4681,NOUN
4682,AUX
4683,DET
4684,DET
4685,NOUN
4686,ADP
4687,DET
4688,NOUN
4689,PUNCT
4690,CCONJ
4691,SCONJ
4692,PRON
4693,AUX
4694,VERB
4695,ADP
4696,NOUN
4697,ADP
4698,NOUN
4699,NOUN
4700,PUNCT
4701,ADP
4702,NOUN
4703,ADP
4704,NOUN
4705,PROPN
4706,DET
4707,PART
4708,VERB
4709,NOUN
4710,ADV
4711,NOUN
4712,PUNCT
4713,PROPN
4714,PROPN
4715,NOUN
4716,AUX
4717,NOUN
4718,ADP
4719,NOUN
4720,CCONJ
4721,NOUN
4722,ADP
4723,NOUN
4724,PUNCT
4725,PRON
4726,VERB
4727,SCONJ
4728,NOUN
4729,VERB
4730,ADJ
4731,NOUN
4732,ADP
4733,PRON
4734,PUNCT
4735,PUNCT
4736,PRON
4737,VERB
4738,NOUN
4739,ADP
4740,ADP
4741,NOUN
4742,ADP
4743,PART
4744,ADV
4745,VERB
4746,ADP
4747,ADP
4748,ADP
4749,NOUN
4750,PUNCT
4751,PRON
4752,AUX
4753,ADJ
4754,VERB
4755,ADP
4756,ADJ
4757,NOUN
4758,PUNCT
4759,ADV
4760,NOUN
4761,VERB
4762,NOUN
4763,PUNCT
4764,VERB
4765,PRON
4766,ADP
4767,NOUN
4768,NOUN
4769,PROPN
4770,PROPN
4771,NOUN
4772,NUM
4773,NOUN
4774,ADP
4775,NOUN
4776,PUNCT
4777,PUNCT
4778,PRON
4779,VERB
4780,NOUN
4781,ADP
4782,PART
4783,VERB
4784,PRON
4785,ADP
4786,ADV
4787,ADJ
4788,ADP
4789,ADJ
4790,ADP
4791,NOUN
4792,ADP
4793,DET
4794,NOUN
4795,PUNCT
4796,PRON
4797,AUX
4798,ADV
4799,ADV
4800,ADP
4801,NOUN
4802,SCONJ
4803,NOUN
4804,VERB
4805,ADV
4806,ADJ
4807,NOUN
4808,AUX
4809,PUNCT
4810,VERB
4811,PRON
4812,ADP
4813,NUM
4814,NOUN
4815,VERB
4816,SCONJ
4817,PRON
4818,VERB
4819,DET
4820,NOUN
4821,NOUN
4822,NUM
4823,NOUN
4824,ADP
4825,NOUN
4826,PUNCT
4827,PUNCT
4828,SCONJ
4829,PRON
4830,VERB
4831,ADP
4832,AUX
4833,CCONJ
4834,NOUN
4835,CCONJ
4836,NOUN
4837,NOUN
4838,PUNCT
4839,ADV
4840,PRON
4841,AUX
4842,ADJ
4843,NOUN
4844,PRON
4845,ADV
4846,VERB
4847,NOUN
4848,PUNCT
4849,VERB
4850,PRON
4851,PUNCT
4852,ADJ
4853,NOUN
4854,VERB
4855,SCONJ
4856,ADV
4857,DET
4858,DET
4859,NOUN
4860,ADP
4861,NOUN
4862,PUNCT
4863,PROPN
4864,NUM
4865,ADJ
4866,NOUN
4867,PUNCT
4868,VERB
4869,NOUN
4870,PUNCT
4871,CCONJ
4872,DET
4873,NOUN
4874,NOUN
4875,ADP
4876,NOUN
4877,ADP
4878,PROPN
4879,PUNCT
4880,ADV
4881,NOUN
4882,VERB
4883,DET
4884,ADP
4885,PROPN
4886,PUNCT
4887,NOUN
4888,VERB
4889,NOUN
4890,PUNCT
4891,NOUN
4892,ADJ
4893,NOUN
4894,NOUN
4895,ADP
4896,NOUN
4897,NOUN
4898,ADP
4899,NOUN
4900,NOUN
4901,ADP
4902,NOUN
4903,PUNCT
4904,NOUN
4905,NOUN
4906,NOUN
4907,NOUN
4908,CCONJ
4909,NOUN
4910,AUX
4911,NOUN
4912,ADJ
4913,NOUN
4914,ADP
4915,ADP
4916,NOUN
4917,SCONJ
4918,PROPN
4919,PUNCT
4920,VERB
4921,NOUN
4922,ADP
4923,NOUN
4924,NOUN
4925,ADP
4926,PUNCT
4927,NUM
4928,NOUN
4929,AUX
4930,ADV
4931,VERB
4932,NOUN
4933,ADP
4934,PROPN
4935,NOUN
4936,ADP
4937,DET
4938,NOUN
4939,ADP
4940,NOUN
4941,PUNCT
4942,NOUN
4943,PUNCT
4944,PROPN
4945,NOUN
4946,NUM
4947,PROPN
4948,PUNCT
4949,ADV
4950,NOUN
4951,PRON
4952,ADV
4953,AUX
4954,VERB
4955,PRON
4956,PUNCT
4957,NOUN
4958,VERB
4959,ADP
4960,NOUN
4961,PUNCT
4962,VERB
4963,PROPN
4964,PROPN
4965,PUNCT
4966,NOUN
4967,ADP
4968,NOUN
4969,ADP
4970,PROPN
4971,NOUN
4972,NOUN
4973,PUNCT
4974,ADP
4975,NOUN
4976,PUNCT
4977,ADP
4978,NOUN
4979,ADP
4980,DET
4981,ADJ
4982,NOUN
4983,AUX
4984,ADJ
4985,NOUN
4986,VERB
4987,NOUN
4988,ADP
4989,PROPN
4990,PUNCT
4991,CCONJ
4992,ADJ
4993,DET
4994,AUX
4995,VERB
4996,ADP
4997,NOUN
4998,PUNCT
4999,NOUN
5000,NOUN
5001,NOUN
5002,AUX
5003,VERB
5004,SCONJ
5005,PRON
5006,ADP
5007,NOUN
5008,VERB
5009,ADP
5010,NOUN
5011,ADP
5012,DET
5013,NOUN
5014,PUNCT
5015,PRON
5016,AUX
5017,ADV
5018,VERB
5019,ADP
5020,ADV
5021,PRON
5022,VERB
5023,NOUN
5024,ADP
5025,NOUN
5026,PUNCT
5027,CCONJ
5028,VERB
5029,PRON
5030,AUX
5031,DET
5032,NOUN
5033,NOUN
5034,PART
5035,VERB
5036,PRON
5037,ADP
5038,DET
5039,NOUN
5040,PUNCT
5041,PUNCT
5042,PRON
5043,AUX
5044,VERB
5045,ADP
5046,NUM
5047,NOUN
5048,PUNCT
5049,CCONJ
5050,PRON
5051,AUX
5052,ADJ
5053,PART
5054,VERB
5055,NOUN
5056,ADP
5057,ADJ
5058,NOUN
5059,ADP
5060,NOUN
5061,PRON
5062,VERB
5063,ADP
5064,NOUN
5065,PUNCT
5066,VERB
5067,NOUN
5068,PUNCT
5069,PRON
5070,AUX
5071,NOUN
5072,ADP
5073,PROPN
5074,NOUN
5075,PUNCT
5076,ADP
5077,NOUN
5078,ADP
5079,PROPN
5080,PROPN
5081,PRON
5082,ADP
5083,NOUN
5084,ADP
5085,NOUN
5086,PUNCT
5087,NOUN
5088,PUNCT
5089,NOUN
5090,CCONJ
5091,DET
5092,NOUN
5093,NOUN
5094,PUNCT
5095,CCONJ
5096,NOUN
5097,AUX
5098,ADV
5099,NOUN
5100,ADP
5101,NOUN
5102,PUNCT
5103,PUNCT
5104,PRON
5105,AUX
5106,PRON
5107,PRON
5108,AUX
5109,VERB
5110,ADV
5111,PUNCT
5112,PRON
5113,PRON
5114,VERB
5115,DET
5116,NOUN
5117,NOUN
5118,PUNCT
5119,CCONJ
5120,VERB
5121,PRON
5122,ADV
5123,ADP
5124,PUNCT
5125,VERB
5126,DET
5127,NOUN
5128,NOUN
5129,ADP
5130,NOUN
5131,PUNCT
5132,ADP
5133,NOUN
5134,NOUN
5135,ADJ
5136,NOUN
5137,NOUN
5138,ADV
5139,PRON
5140,ADJ
5141,AUX
5142,VERB
5143,NOUN
5144,ADV
5145,PUNCT
5146,ADP
5147,ADJ
5148,NOUN
5149,AUX
5150,NOUN
5151,VERB
5152,NOUN
5153,ADP
5154,NOUN
5155,PUNCT
5156,ADP
5157,NOUN
5158,PRON
5159,ADJ
5160,ADJ
5161,ADP
5162,ADJ
5163,NOUN
5164,PUNCT
5165,ADV
5166,ADP
5167,NOUN
5168,NOUN
5169,PUNCT
5170,SCONJ
5171,DET
5172,NOUN
5173,AUX
5174,VERB
5175,ADP
5176,NOUN
5177,NOUN
5178,PUNCT
5179,PUNCT
5180,PRON
5181,VERB
5182,SCONJ
5183,NUM
5184,NOUN
5185,ADP
5186,NOUN
5187,PUNCT
5188,CCONJ
5189,SCONJ
5190,NOUN
5191,VERB
5192,ADP
5193,NOUN
5194,PUNCT
5195,VERB
5196,NOUN
5197,NOUN
5198,NOUN
5199,ADP
5200,NOUN
5201,NOUN
5202,PUNCT
5203,DET
5204,ADJ
5205,NOUN
5206,ADP
5207,PRON
5208,PRON
5209,AUX
5210,AUX
5211,VERB
5212,ADP
5213,NOUN
5214,ADP
5215,NOUN
5216,AUX
5217,NOUN
5218,PRON
5219,ADV
5220,VERB
5221,DET
5222,ADJ
5223,NOUN
5224,NOUN
5225,PUNCT
5226,PUNCT
5227,PRON
5228,VERB
5229,ADP
5230,NOUN
5231,CCONJ
5232,AUX
5233,NOUN
5234,PUNCT
5235,ADJ
5236,ADP
5237,PRON
5238,VERB
5239,NOUN
5240,PUNCT
5241,CCONJ
5242,VERB
5243,NOUN
5244,ADP
5245,NOUN
5246,PUNCT
5247,VERB
5248,NOUN
5249,PUNCT
5250,ADP
5251,ADJ
5252,NOUN
5253,VERB
5254,NOUN
5255,PROPN
5256,NOUN
5257,NOUN
5258,NOUN
5259,ADP
5260,NOUN
5261,NOUN
5262,PUNCT
5263,PRON
5264,AUX
5265,DET
5266,ADJ
5267,NOUN
5268,PUNCT
5269,VERB
5270,NOUN
5271,PUNCT
5272,PRON
5273,VERB
5274,SCONJ
5275,NOUN
5276,ADP
5277,PART
5278,AUX
5279,VERB
5280,ADP
5281,NOUN
5282,ADJ
5283,AUX
5284,ADJ
5285,ADP
5286,ADP
5287,DET
5288,NOUN
5289,NOUN
5290,PUNCT
5291,PUNCT
5292,SCONJ
5293,NOUN
5294,CCONJ
5295,NOUN
5296,ADP
5297,NOUN
5298,CCONJ
5299,NOUN
5300,NOUN
5301,AUX
5302,ADJ
5303,NOUN
5304,PUNCT
5305,AUX
5306,DET
5307,ADV
5308,VERB
5309,ADP
5310,ADP
5311,SCONJ
5312,NOUN
5313,ADV
5314,NOUN
5315,NOUN
5316,ADP
5317,DET
5318,ADJ
5319,NOUN
5320,PUNCT
5321,VERB
5322,NOUN
5323,ADP
5324,NOUN
5325,ADP
5326,NUM
5327,PUNCT
5328,ADP
5329,NOUN
5330,AUX
5331,NOUN
5332,VERB
5333,SCONJ
5334,NOUN
5335,PUNCT
5336,PRON
5337,ADJ
5338,AUX
5339,NOUN
5340,PUNCT
5341,AUX
5342,VERB
5343,NOUN
5344,NOUN
5345,NOUN
5346,CCONJ
5347,NOUN
5348,ADP
5349,NOUN
5350,PUNCT
5351,PUNCT
5352,ADV
5353,AUX
5354,PRON
5355,ADV
5356,ADV
5357,ADJ
5358,ADP
5359,NOUN
5360,PART
5361,VERB
5362,PRON
5363,PUNCT
5364,VERB
5365,NOUN
5366,PUNCT
5367,ADP
5368,NOUN
5369,VERB
5370,NOUN
5371,SCONJ
5372,NOUN
5373,NOUN
5374,ADP
5375,DET
5376,ADJ
5377,NOUN
5378,ADP
5379,NOUN
5380,ADP
5381,NOUN
5382,ADP
5383,PROPN
5384,PUNCT
5385,PUNCT
5386,NOUN
5387,AUX
5388,VERB
5389,ADP
5390,PART
5391,VERB
5392,ADJ
5393,ADJ
5394,NOUN
5395,PUNCT
5396,PRON
5397,VERB
5398,ADP
5399,NOUN
5400,NOUN
5401,PUNCT
5402,CCONJ
5403,NOUN
5404,NOUN
5405,ADJ
5406,PUNCT
5407,PRON
5408,VERB
5409,SCONJ
5410,NOUN
5411,ADP
5412,NOUN
5413,AUX
5414,ADJ
5415,ADP
5416,ADP
5417,DET
5418,NOUN
5419,PUNCT
5420,VERB
5421,PROPN
5422,NOUN
5423,ADP
5424,NOUN
5425,ADP
5426,NOUN
5427,NUM
5428,NOUN
5429,PUNCT
5430,PRON
5431,VERB
5432,DET
5433,NOUN
5434,ADP
5435,DET
5436,NOUN
5437,NOUN
5438,PUNCT
5439,NOUN
5440,NOUN
5441,VERB
5442,NOUN
5443,VERB
5444,ADJ
5445,NOUN
5446,PRON
5447,ADV
5448,AUX
5449,NOUN
5450,ADP
5451,DET
5452,NOUN
5453,NOUN
5454,PUNCT
5455,PUNCT
5456,PRON
5457,AUX
5458,ADV
5459,VERB
5460,NOUN
5461,ADP
5462,NOUN
5463,CCONJ
5464,NOUN
5465,NOUN
5466,PUNCT
5467,CCONJ
5468,ADJ
5469,PRON
5470,ADV
5471,AUX
5472,VERB
5473,NOUN
5474,ADP
5475,PUNCT
5476,VERB
5477,ADV
5478,NOUN
5479,NOUN
5480,PUNCT
5481,NOUN
5482,AUX
5483,NOUN
5484,DET
5485,ADP
5486,DET
5487,NOUN
5488,NOUN
5489,PRON
5490,VERB
5491,PUNCT
5492,DET
5493,NOUN
5494,VERB
5495,NUM
5496,NOUN
5497,PUNCT
5498,VERB
5499,NOUN
5500,PUNCT
5501,ADP
5502,NOUN
5503,AUX
5504,PRON
5505,VERB
5506,ADP
5507,NOUN
5508,PUNCT
5509,ADP
5510,PART
5511,AUX
5512,VERB
5513,ADP
5514,NOUN
5515,ADP
5516,NOUN
5517,ADP
5518,DET
5519,NOUN
5520,ADP
5521,NOUN
5522,ADP
5523,PROPN
5524,NOUN
5525,ADP
5526,NOUN
5527,PUNCT
5528,DET
5529,NOUN
5530,NOUN
5531,PUNCT
5532,NOUN
5533,NOUN
5534,PUNCT
5535,ADJ
5536,ADJ
5537,NOUN
5538,PUNCT
5539,NOUN
5540,VERB
5541,PUNCT
5542,NOUN
5543,ADP
5544,NOUN
5545,PUNCT
5546,PROPN
5547,ADJ
5548,ADP
5549,NOUN
5550,PUNCT
5551,DET
5552,ADJ
5553,NOUN
5554,PUNCT
5555,PRON
5556,PRON
5557,ADV
5558,AUX
5559,ADV
5560,PUNCT
5561,PROPN
5562,NOUN
5563,AUX
5564,DET
5565,NOUN
5566,NOUN
5567,PUNCT
5568,NOUN
5569,VERB
5570,DET
5571,NOUN
5572,VERB
5573,ADP
5574,SCONJ
5575,NOUN
5576,DET
5577,VERB
5578,ADP
5579,NOUN
5580,PUNCT
5581,SCONJ
5582,PROPN
5583,PROPN
5584,VERB
5585,NUM
5586,NOUN
5587,PUNCT
5588,VERB
5589,PRON
5590,DET
5591,NOUN
5592,ADP
5593,PART
5594,VERB
5595,NOUN
5596,PUNCT
5597,PART
5598,VERB
5599,PRON
5600,ADP
5601,NOUN
5602,AUX
5603,NOUN
5604,DET
5605,PUNCT
5606,NOUN
5607,NOUN
5608,NOUN
5609,ADP
5610,NOUN
5611,PUNCT
5612,VERB
5613,NOUN
5614,ADP
5615,NOUN
5616,CCONJ
5617,NOUN
5618,NUM
5619,NOUN
5620,ADP
5621,NOUN
5622,ADP
5623,NOUN
5624,ADP
5625,NOUN
5626,PUNCT
5627,ADP
5628,PRON
5629,VERB
5630,NOUN
5631,NOUN
5632,PRON
5633,NOUN
5634,PUNCT
5635,CCONJ
5636,ADV
5637,VERB
5638,PRON
5639,PRON
5640,AUX
5641,AUX
5642,ADV
5643,PUNCT
5644,NOUN
5645,NOUN
5646,NOUN
5647,PROPN
5648,AUX
5649,PROPN
5650,PROPN
5651,DET
5652,ADJ
5653,NOUN
5654,PUNCT
5655,PRON
5656,AUX
5657,ADP
5658,NOUN
5659,PART
5660,VERB
5661,PRON
5662,PUNCT
5663,CCONJ
5664,DET
5665,ADJ
5666,NOUN
5667,ADP
5668,NOUN
5669,VERB
5670,PRON
5671,NOUN
5672,NOUN
5673,CCONJ
5674,VERB
5675,ADV
5676,ADP
5677,PRON
5678,ADJ
5679,NOUN
5680,PUNCT
5681,SCONJ
5682,NOUN
5683,NOUN
5684,NOUN
5685,VERB
5686,ADP
5687,ADP
5688,NOUN
5689,ADP
5690,NOUN
5691,PUNCT
5692,AUX
5693,NOUN
5694,ADJ
5695,NOUN
5696,PUNCT
5697,PUNCT
5698,PROPN
5699,PUNCT
5700,PROPN
5701,PUNCT
5702,PRON
5703,AUX
5704,AUX
5705,NOUN
5706,PUNCT
5707,VERB
5708,PRON
5709,PUNCT
5710,CCONJ
5711,PRON
5712,AUX
5713,VERB
5714,ADP
5715,NOUN
5716,ADP
5717,SCONJ
5718,PRON
5719,VERB
5720,PRON
5721,ADP
5722,PRON
5723,PUNCT
5724,NOUN
5725,ADP
5726,NOUN
5727,PROPN
5728,NUM
5729,NOUN
5730,SCONJ
5731,PRON
5732,VERB
5733,PART
5734,VERB
5735,ADP
5736,PRON
5737,PUNCT
5738,PRON
5739,PUNCT
5740,PRON
5741,NOUN
5742,ADV
5743,AUX
5744,VERB
5745,ADP
5746,PRON
5747,ADV
5748,ADJ
5749,PUNCT
5750,NOUN
5751,ADP
5752,PROPN
5753,NOUN
5754,ADP
5755,NOUN
5756,PUNCT
5757,ADV
5758,VERB
5759,PRON
5760,PRON
5761,SCONJ
5762,NOUN
5763,PRON
5764,ADV
5765,AUX
5766,NOUN
5767,PUNCT
5768,PRON
5769,AUX
5770,ADJ
5771,ADP
5772,NOUN
5773,CCONJ
5774,ADV
5775,AUX
5776,VERB
5777,DET
5778,NOUN
5779,PUNCT
5780,AUX
5781,NOUN
5782,ADP
5783,NOUN
5784,PUNCT
5785,PRON
5786,AUX
5787,NOUN
5788,PUNCT
5789,ADP
5790,SCONJ
5791,PRON
5792,AUX
5793,VERB
5794,PRON
5795,PUNCT
5796,AUX
5797,NOUN
5798,ADP
5799,NOUN
5800,VERB
5801,PART
5802,VERB
5803,PUNCT
5804,NOUN
5805,PRON
5806,ADJ
5807,AUX
5808,VERB
5809,DET
5810,ADJ
5811,NOUN
5812,PUNCT
5813,AUX
5814,ADP
5815,NOUN
5816,ADP
5817,PART
5818,VERB
5819,ADP
5820,NOUN
5821,NOUN
5822,PUNCT
5823,PROPN
5824,AUX
5825,ADV
5826,AUX
5827,ADJ
5828,ADP
5829,NOUN
5830,SCONJ
5831,NOUN
5832,VERB
5833,SCONJ
5834,PRON
5835,VERB
5836,DET
5837,NOUN
5838,CCONJ
5839,NOUN
5840,PUNCT
5841,PRON
5842,VERB
5843,ADP
5844,PRON
5845,PRON
5846,PRON
5847,VERB
5848,PUNCT
5849,NOUN
5850,CCONJ
5851,NOUN
5852,PUNCT
5853,NUM
5854,NOUN
5855,PRON
5856,AUX
5857,VERB
5858,DET
5859,NOUN
5860,PRON
5861,AUX
5862,ADJ
5863,NOUN
5864,ADP
5865,PUNCT
5866,PRON
5867,AUX
5868,VERB
5869,NOUN
5870,PUNCT
5871,CCONJ
5872,NOUN
5873,AUX
5874,PROPN
5875,VERB
5876,ADP
5877,ADJ
5878,NOUN
5879,ADP
5880,NOUN
5881,PUNCT
5882,CCONJ
5883,NOUN
5884,PUNCT
5885,PRON
5886,PRON
5887,AUX
5888,VERB
5889,ADP
5890,ADP
5891,DET
5892,NOUN
5893,NOUN
5894,PUNCT
5895,VERB
5896,ADJ
5897,NOUN
5898,PUNCT
5899,CCONJ
5900,NOUN
5901,AUX
5902,ADV
5903,AUX
5904,ADP
5905,NOUN
5906,ADV
5907,ADJ
5908,PUNCT
5909,CCONJ
5910,PRON
5911,AUX
5912,ADJ
5913,NOUN
5914,PRON
5915,VERB
5916,PRON
5917,PUNCT
5918,ADP
5919,PART
5920,AUX
5921,ADP
5922,DET
5923,ADJ
5924,NOUN
5925,PUNCT
5926,VERB
5927,PROPN
5928,ADV
5929,NOUN
5930,DET
5931,NOUN
5932,ADP
5933,NOUN
5934,NOUN
5935,PUNCT
5936,PROPN
5937,AUX
5938,ADV
5939,VERB
5940,DET
5941,NOUN
5942,ADP
5943,NOUN
5944,CCONJ
5945,ADJ
5946,NOUN
5947,PUNCT
5948,CCONJ
5949,ADP
5950,NOUN
5951,AUX
5952,PRON
5953,ADJ
5954,NOUN
5955,ADP
5956,DET
5957,NOUN
5958,PUNCT
5959,PRON
5960,VERB
5961,PRON
5962,AUX
5963,ADV
5964,ADJ
5965,ADP
5966,NOUN
5967,CCONJ
5968,NOUN
5969,NOUN
5970,PUNCT
5971,CCONJ
5972,PRON
5973,VERB
5974,PUNCT
5975,VERB
5976,PROPN
5977,PUNCT
5978,ADV
5979,VERB
5980,PRON
5981,PRON
5982,ADV
5983,CCONJ
5984,ADV
5985,PUNCT
5986,SCONJ
5987,PRON
5988,AUX
5989,VERB
5990,NOUN
5991,ADP
5992,NOUN
5993,PUNCT
5994,ADP
5995,NOUN
5996,PUNCT
5997,CCONJ
5998,PRON
5999,PUNCT
6000,NOUN
6001,CCONJ
6002,NOUN
6003,VERB
6004,PRON
6005,ADJ
6006,VERB
6007,NOUN
6008,ADV
6009,PUNCT
6010,CCONJ
6011,SCONJ
6012,NOUN
6013,NOUN
6014,VERB
6015,ADV
6016,NOUN
6017,ADP
6018,PART
6019,VERB
6020,NOUN
6021,NOUN
6022,PUNCT
6023,AUX
6024,PRON
6025,NUM
6026,NOUN
6027,PUNCT
6028,NOUN
6029,AUX
6030,VERB
6031,NOUN
6032,ADP
6033,DET
6034,NOUN
6035,PUNCT
6036,NOUN
6037,PUNCT
6038,NOUN
6039,PUNCT
6040,NOUN
6041,PUNCT
6042,NOUN
6043,VERB
6044,PRON
6045,ADV
6046,ADP
6047,PRON
6048,NOUN
6049,PUNCT
6050,CCONJ
6051,NOUN
6052,PUNCT
6053,CCONJ
6054,ADJ
6055,VERB
6056,ADV
6057,NOUN
6058,PART
6059,NOUN
6060,PUNCT
6061,ADJ
6062,NOUN
6063,VERB
6064,PROPN
6065,PROPN
6066,PUNCT
6067,PRON
6068,VERB
6069,ADV
6070,ADV
6071,ADJ
6072,PUNCT
6073,PRON
6074,AUX
6075,VERB
6076,NOUN
6077,ADV
6078,PUNCT
6079,ADP
6080,NUM
6081,AUX
6082,PRON
6083,PRON
6084,ADP
6085,NOUN
6086,NOUN
6087,PUNCT
6088,NOUN
6089,CCONJ
6090,NOUN
6091,PROPN
6092,CCONJ
6093,NOUN
6094,VERB
6095,PRON
6096,ADP
6097,DET
6098,NOUN
6099,PUNCT
6100,DET
6101,NOUN
6102,PRON
6103,AUX
6104,VERB
6105,NOUN
6106,ADJ
6107,ADP
6108,PUNCT
6109,DET
6110,ADP
6111,PART
6112,NOUN
6113,ADP
6114,PROPN
6115,ADP
6116,NOUN
6117,PUNCT
6118,NOUN
6119,NOUN
6120,ADP
6121,NOUN
6122,CCONJ
6123,NOUN
6124,PUNCT
6125,NOUN
6126,CCONJ
6127,NOUN
6128,PUNCT
6129,CCONJ
6130,DET
6131,NOUN
6132,PRON
6133,VERB
6134,ADP
6135,NOUN
6136,CCONJ
6137,NOUN
6138,DET
6139,PUNCT
6140,AUX
6141,NOUN
6142,VERB
6143,NOUN
6144,ADP
6145,PUNCT
6146,CCONJ
6147,DET
6148,NUM
6149,NOUN
6150,ADP
6151,NOUN
6152,CCONJ
6153,NOUN
6154,PUNCT
6155,NOUN
6156,NOUN
6157,NOUN
6158,PROPN
6159,ADP
6160,NOUN
6161,CCONJ
6162,NOUN
6163,ADP
6164,NOUN
6165,PUNCT
6166,CCONJ
6167,SCONJ
6168,NOUN
6169,AUX
6170,VERB
6171,PRON
6172,PART
6173,VERB
6174,PUNCT
6175,AUX
6176,PRON
6177,ADJ
6178,NOUN
6179,ADP
6180,PUNCT
6181,PRON
6182,AUX
6183,ADV
6184,ADV
6185,DET
6186,NOUN
6187,PUNCT
6188,VERB
6189,ADP
6190,NOUN
6191,PUNCT
6192,CCONJ
6193,NOUN
6194,AUX
6195,ADV
6196,ADV
6197,NOUN
6198,PUNCT
6199,PRON
6200,CCONJ
6201,PRON
6202,CCONJ
6203,NOUN
6204,ADP
6205,NOUN
6206,VERB
6207,PUNCT
6208,SCONJ
6209,PRON
6210,ADV
6211,VERB
6212,ADP
6213,NOUN
6214,CCONJ
6215,DET
6216,DET
6217,NOUN
6218,PUNCT
6219,AUX
6220,SCONJ
6221,DET
6222,NOUN
6223,PROPN
6224,AUX
6225,NOUN
6226,PUNCT
6227,AUX
6228,NOUN
6229,NOUN
6230,NOUN
6231,PUNCT
6232,DET
6233,NOUN
6234,CCONJ
6235,NOUN
6236,NOUN
6237,PRON
6238,ADV
6239,AUX
6240,ADJ
6241,ADP
6242,PROPN
6243,PUNCT
6244,NOUN
6245,AUX
6246,AUX
6247,ADJ
6248,ADJ
6249,ADP
6250,NOUN
6251,CCONJ
6252,AUX
6253,ADV
6254,VERB
6255,ADP
6256,NOUN
6257,ADP
6258,ADJ
6259,NOUN
6260,PUNCT
6261,DET
6262,ADJ
6263,NUM
6264,NOUN
6265,AUX
6266,NOUN
6267,NOUN
6268,PUNCT
6269,NOUN
6270,PUNCT
6271,NOUN
6272,PUNCT
6273,NOUN
6274,PUNCT
6275,NOUN
6276,CCONJ
6277,NOUN
6278,VERB
6279,NOUN
6280,NOUN
6281,ADP
6282,PROPN
6283,PUNCT
6284,ADP
6285,NOUN
6286,NOUN
6287,NOUN
6288,PUNCT
6289,NOUN
6290,PUNCT
6291,NOUN
6292,CCONJ
6293,NOUN
6294,NOUN
6295,ADP
6296,NOUN
6297,ADP
6298,NUM
6299,NOUN
6300,NOUN
6301,PUNCT
6302,VERB
6303,PRON
6304,ADP
6305,PRON
6306,PRON
6307,VERB
6308,NOUN
6309,ADP
6310,NOUN
6311,PUNCT
6312,ADP
6313,NOUN
6314,CCONJ
6315,ADP
6316,NOUN
6317,PUNCT
6318,VERB
6319,PRON
6320,ADJ
6321,ADP
6322,ADP
6323,NUM
6324,NOUN
6325,PUNCT
6326,NOUN
6327,NOUN
6328,ADP
6329,NOUN
6330,PUNCT
6331,ADP
6332,NOUN
6333,PROPN
6334,AUX
6335,PRON
6336,ADJ
6337,PART
6338,NOUN
6339,SCONJ
6340,NOUN
6341,VERB
6342,NOUN
6343,ADP
6344,NOUN
6345,ADP
6346,NOUN
6347,PRON
6348,CCONJ
6349,PRON
6350,ADJ
6351,NOUN
6352,PUNCT
6353,CCONJ
6354,NOUN
6355,ADP
6356,PRON
6357,AUX
6358,ADJ
6359,ADJ
6360,ADJ
6361,ADP
6362,PRON
6363,AUX
6364,NOUN
6365,PUNCT
6366,ADJ
6367,NOUN
6368,ADP
6369,NOUN
6370,CCONJ
6371,NOUN
6372,AUX
6373,NOUN
6374,CCONJ
6375,VERB
6376,PUNCT
6377,ADV
6378,SCONJ
6379,PRON
6380,VERB
6381,NOUN
6382,CCONJ
6383,ADJ
6384,NOUN
6385,PUNCT
6386,AUX
6387,PRON
6388,ADJ
6389,ADP
6390,NOUN
6391,ADP
6392,DET
6393,ADJ
6394,NOUN
6395,ADP
6396,NOUN
6397,NOUN
6398,ADP
6399,NOUN
6400,ADP
6401,DET
6402,NOUN
6403,PUNCT
6404,NOUN
6405,ADJ
6406,NOUN
6407,NOUN
6408,PUNCT
6409,NOUN
6410,CCONJ
6411,PROPN
6412,PROPN
6413,DET
6414,NOUN
6415,ADP
6416,NOUN
6417,NOUN
6418,NOUN
6419,PUNCT
6420,NOUN
6421,VERB
6422,ADJ
6423,NOUN
6424,ADP
6425,NOUN
6426,PUNCT
6427,PRON
6428,AUX
6429,VERB
6430,NOUN
6431,PUNCT
6432,NOUN
6433,NOUN
6434,CCONJ
6435,AUX
6436,NOUN
6437,PUNCT
6438,SCONJ
6439,NOUN
6440,DET
6441,ADJ
6442,PUNCT
6443,PUNCT
6444,NUM
6445,ADP
6446,NOUN
6447,AUX
6448,NOUN
6449,NOUN
6450,NOUN
6451,PUNCT
6452,ADP
6453,DET
6454,NUM
6455,AUX
6456,NOUN
6457,ADP
6458,NUM
6459,NOUN
6460,ADV
6461,ADJ
6462,ADP
6463,DET
6464,NOUN
6465,VERB
6466,PUNCT
6467,PUNCT
6468,NUM
6469,ADP
6470,DET
6471,NOUN
6472,NOUN
6473,AUX
6474,NOUN
6475,NOUN
6476,PUNCT
6477,DET
6478,NOUN
6479,ADP
6480,NOUN
6481,NOUN
6482,PUNCT
6483,DET
6484,NOUN
6485,ADV
6486,NOUN
6487,PUNCT
6488,ADV
6489,ADP
6490,NOUN
6491,ADP
6492,NOUN
6493,CCONJ
6494,NOUN
6495,AUX
6496,AUX
6497,ADJ
6498,ADP
6499,NOUN
6500,ADP
6501,NOUN
6502,CCONJ
6503,DET
6504,ADJ
6505,NOUN
6506,PUNCT
6507,PUNCT
6508,ADP
6509,ADJ
6510,ADP
6511,NOUN
6512,AUX
6513,PRON
6514,VERB
6515,NOUN
6516,ADP
6517,NOUN
6518,PUNCT
6519,PUNCT
6520,NOUN
6521,PUNCT
6522,DET
6523,NOUN
6524,NOUN
6525,NOUN
6526,PUNCT
6527,AUX
6528,VERB
6529,ADP
6530,ADJ
6531,NOUN
6532,ADP
6533,NUM
6534,ADP
6535,DET
6536,NUM
6537,NOUN
6538,PUNCT
6539,PUNCT
6540,PRON
6541,AUX
6542,ADJ
6543,ADJ
6544,SCONJ
6545,DET
6546,NOUN
6547,NOUN
6548,ADP
6549,NOUN
6550,ADP
6551,PART
6552,VERB
6553,ADJ
6554,NOUN
6555,PUNCT
6556,NOUN
6557,VERB
6558,DET
6559,NOUN
6560,ADP
6561,PART
6562,VERB
6563,PRON
6564,NOUN
6565,ADJ
6566,NOUN
6567,SCONJ
6568,NOUN
6569,ADV
6570,VERB
6571,ADP
6572,NOUN
6573,PUNCT
6574,CCONJ
6575,NOUN
6576,NOUN
6577,ADP
6578,NOUN
6579,ADP
6580,ADJ
6581,CCONJ
6582,NOUN
6583,NOUN
6584,ADP
6585,NOUN
6586,PUNCT
6587,PRON
6588,AUX
6589,ADP
6590,ADJ
6591,NOUN
6592,VERB
6593,NOUN
6594,NOUN
6595,CCONJ
6596,NOUN
6597,ADP
6598,NOUN
6599,PUNCT
6600,CCONJ
6601,VERB
6602,SCONJ
6603,PRON
6604,AUX
6605,NOUN
6606,ADP
6607,ADJ
6608,ADJ
6609,NOUN
6610,ADP
6611,NOUN
6612,PUNCT
6613,ADJ
6614,NOUN
6615,AUX
6616,ADV
6617,NOUN
6618,NOUN
6619,NOUN
6620,PUNCT
6621,VERB
6622,NOUN
6623,PROPN
6624,PROPN
6625,NOUN
6626,ADP
6627,NOUN
6628,ADP
6629,NOUN
6630,ADP
6631,NOUN
6632,PUNCT
6633,SCONJ
6634,DET
6635,ADJ
6636,NOUN
6637,ADP
6638,NOUN
6639,AUX
6640,VERB
6641,ADP
6642,PUNCT
6643,PRON
6644,AUX
6645,NOUN
6646,PRON
6647,AUX
6648,VERB
6649,NOUN
6650,ADP
6651,NOUN
6652,PUNCT
6653,ADV
6654,AUX
6655,ADV
6656,NOUN
6657,VERB
6658,DET
6659,ADJ
6660,NOUN
6661,ADP
6662,NOUN
6663,ADP
6664,DET
6665,NOUN
6666,PUNCT
6667,PUNCT
6668,PRON
6669,AUX
6670,DET
6671,NOUN
6672,ADP
6673,SCONJ
6674,PRON
6675,AUX
6676,AUX
6677,DET
6678,NOUN
6679,ADP
6680,ADJ
6681,NOUN
6682,PUNCT
6683,CCONJ
6684,NOUN
6685,AUX
6686,VERB
6687,ADJ
6688,NOUN
6689,PUNCT
6690,CCONJ
6691,PRON
6692,AUX
6693,ADJ
6694,NOUN
6695,VERB
6696,DET
6697,NOUN
6698,SCONJ
6699,PRON
6700,AUX
6701,ADJ
6702,NOUN
6703,PUNCT
6704,NOUN
6705,PUNCT
6706,ADP
6707,ADJ
6708,NOUN
6709,DET
6710,NOUN
6711,PUNCT
6712,AUX
6713,ADV
6714,AUX
6715,ADJ
6716,NOUN
6717,SCONJ
6718,PRON
6719,AUX
6720,VERB
6721,PUNCT
6722,PRON
6723,AUX
6724,ADJ
6725,ADJ
6726,NOUN
6727,ADV
6728,ADP
6729,PUNCT
6730,CCONJ
6731,ADV
6732,DET
6733,NOUN
6734,NOUN
6735,PUNCT
6736,ADV
6737,NOUN
6738,NOUN
6739,VERB
6740,NOUN
6741,ADP
6742,PART
6743,VERB
6744,ADJ
6745,NOUN
6746,ADP
6747,NOUN
6748,PUNCT
6749,VERB
6750,NOUN
6751,PUNCT
6752,ADP
6753,NOUN
6754,VERB
6755,PRON
6756,ADP
6757,NOUN
6758,NOUN
6759,NOUN
6760,ADP
6761,PART
6762,VERB
6763,NOUN
6764,ADP
6765,NOUN
6766,PUNCT
6767,PRON
6768,AUX
6769,ADV
6770,VERB
6771,NOUN
6772,ADP
6773,NOUN
6774,DET
6775,NOUN
6776,PUNCT
6777,CCONJ
6778,NOUN
6779,VERB
6780,ADV
6781,SCONJ
6782,NOUN
6783,AUX
6784,ADJ
6785,PUNCT
6786,NOUN
6787,ADP
6788,NOUN
6789,AUX
6790,ADV
6791,AUX
6792,NOUN
6793,SCONJ
6794,DET
6795,NOUN
6796,PRON
6797,VERB
6798,ADP
6799,NOUN
6800,PUNCT
6801,PRON
6802,SCONJ
6803,PRON
6804,AUX
6805,NOUN
6806,NOUN
6807,CCONJ
6808,AUX
6809,ADJ
6810,ADP
6811,NOUN
6812,PUNCT
6813,ADJ
6814,VERB
6815,PUNCT
6816,CCONJ
6817,NOUN
6818,NOUN
6819,ADV
6820,ADJ
6821,SCONJ
6822,DET
6823,NOUN
6824,AUX
6825,ADJ
6826,ADV
6827,PUNCT
6828,CCONJ
6829,SCONJ
6830,PRON
6831,ADP
6832,DET
6833,ADJ
6834,VERB
6835,VERB
6836,PUNCT
6837,PUNCT
6838,PRON
6839,AUX
6840,ADV
6841,ADV
6842,NOUN
6843,PUNCT
6844,NOUN
6845,AUX
6846,ADV
6847,ADV
6848,SCONJ
6849,ADV
6850,SCONJ
6851,PRON
6852,AUX
6853,DET
6854,NOUN
6855,PUNCT
6856,ADV
6857,AUX
6858,PRON
6859,VERB
6860,NOUN
6861,PUNCT
6862,PRON
6863,NOUN
6864,NOUN
6865,CCONJ
6866,NOUN
6867,CCONJ
6868,AUX
6869,VERB
6870,NOUN
6871,PUNCT
6872,CCONJ
6873,ADP
6874,NOUN
6875,CCONJ
6876,ADV
6877,AUX
6878,DET
6879,NOUN
6880,CCONJ
6881,PRON
6882,ADP
6883,NOUN
6884,NOUN
6885,PRON
6886,VERB
6887,NOUN
6888,ADP
6889,SCONJ
6890,NOUN
6891,AUX
6892,ADJ
6893,CCONJ
6894,NOUN
6895,ADP
6896,NOUN
6897,PUNCT
6898,VERB
6899,NOUN
6900,PUNCT
6901,ADP
6902,NOUN
6903,VERB
6904,PROPN
6905,PROPN
6906,CCONJ
6907,NOUN
6908,PUNCT
6909,NOUN
6910,DET
6911,NOUN
6912,ADV
6913,ADJ
6914,ADV
6915,ADJ
6916,NOUN
6917,PRON
6918,PRON
6919,VERB
6920,PUNCT
6921,CCONJ
6922,NOUN
6923,VERB
6924,PRON
6925,ADV
6926,ADP
6927,NOUN
6928,PUNCT
6929,CCONJ
6930,VERB
6931,PART
6932,NOUN
6933,ADP
6934,NOUN
6935,DET
6936,CCONJ
6937,ADP
6938,ADP
6939,NOUN
6940,CCONJ
6941,NOUN
6942,PUNCT
6943,ADJ
6944,NOUN
6945,VERB
6946,PUNCT
6947,CCONJ
6948,NOUN
6949,DET
6950,NOUN
6951,PUNCT
6952,NOUN
6953,ADP
6954,NOUN
6955,AUX
6956,VERB
6957,NOUN
6958,CCONJ
6959,VERB
6960,NOUN
6961,NOUN
6962,PUNCT
6963,ADJ
6964,CCONJ
6965,NOUN
6966,PUNCT
6967,ADP
6968,PROPN
6969,VERB
6970,PRON
6971,ADJ
6972,PART
6973,VERB
6974,PUNCT
6975,NOUN
6976,VERB
6977,PRON
6978,ADP
6979,NOUN
6980,PRON
6981,ADV
6982,VERB
6983,PART
6984,VERB
6985,PUNCT
6986,CCONJ
6987,DET
6988,NOUN
6989,VERB
6990,PRON
6991,ADP
6992,PROPN
6993,CCONJ
6994,NOUN
6995,SCONJ
6996,PRON
6997,VERB
6998,ADP
6999,PUNCT
7000,CCONJ
7001,VERB
7002,PRON
7003,NOUN
7004,NOUN
7005,DET
7006,PUNCT
7007,NOUN
7008,VERB
7009,ADJ
7010,SCONJ
7011,NOUN
7012,AUX
7013,VERB
7014,PUNCT
7015,CCONJ
7016,NOUN
7017,NOUN
7018,PROPN
7019,PROPN
7020,ADP
7021,PROPN
7022,PUNCT
7023,PRON
7024,AUX
7025,VERB
7026,SCONJ
7027,PRON
7028,AUX
7029,VERB
7030,DET
7031,NOUN
7032,PUNCT
7033,PRON
7034,AUX
7035,PRON
7036,ADV
7037,PUNCT
7038,PRON
7039,AUX
7040,ADP
7041,NOUN
7042,ADP
7043,ADJ
7044,NOUN
7045,ADP
7046,NOUN
7047,CCONJ
7048,AUX
7049,ADP
7050,NOUN
7051,ADP
7052,NUM
7053,ADJ
7054,NOUN
7055,PUNCT
7056,NOUN
7057,PROPN
7058,NOUN
7059,NOUN
7060,NOUN
7061,PUNCT
7062,NOUN
7063,PUNCT
7064,PROPN
7065,CCONJ
7066,PROPN
7067,NOUN
7068,ADP
7069,NOUN
7070,CCONJ
7071,NOUN
7072,PUNCT
7073,NOUN
7074,ADP
7075,NOUN
7076,NOUN
7077,VERB
7078,NOUN
7079,ADV
7080,ADP
7081,PROPN
7082,PUNCT
7083,NOUN
7084,PUNCT
7085,PRON
7086,PRON
7087,ADV
7088,AUX
7089,AUX
7090,ADV
7091,PUNCT
7092,NOUN
7093,PUNCT
7094,NOUN
7095,ADP
7096,NOUN
7097,CCONJ
7098,NOUN
7099,PRON
7100,ADV
7101,AUX
7102,VERB
7103,NOUN
7104,ADP
7105,PRON
7106,CCONJ
7107,NOUN
7108,PUNCT
7109,VERB
7110,ADV
7111,PART
7112,VERB
7113,NOUN
7114,PUNCT
7115,ADV
7116,VERB
7117,PRON
7118,PART
7119,VERB
7120,PRON
7121,CCONJ
7122,VERB
7123,NOUN
7124,PUNCT
7125,PRON
7126,AUX
7127,ADJ
7128,PART
7129,VERB
7130,ADP
7131,PUNCT
7132,CCONJ
7133,NUM
7134,NOUN
7135,NOUN
7136,NOUN
7137,CCONJ
7138,DET
7139,NOUN
7140,PROPN
7141,ADP
7142,ADJ
7143,NOUN
7144,PUNCT
7145,DET
7146,ADJ
7147,NOUN
7148,VERB
7149,PRON
7150,NOUN
7151,ADP
7152,NOUN
7153,PUNCT
7154,NOUN
7155,NOUN
7156,CCONJ
7157,VERB
7158,PRON
7159,ADP
7160,PART
7161,VERB
7162,NOUN
7163,ADJ
7164,NOUN
7165,PUNCT
7166,ADV
7167,VERB
7168,PRON
7169,PRON
7170,PUNCT
7171,NOUN
7172,VERB
7173,PRON
7174,ADP
7175,ADP
7176,NOUN
7177,PUNCT
7178,PROPN
7179,NOUN
7180,CCONJ
7181,NOUN
7182,ADP
7183,NOUN
7184,NOUN
7185,NOUN
7186,PUNCT
7187,PROPN
7188,NOUN
7189,ADP
7190,CCONJ
7191,VERB
7192,PUNCT
7193,PUNCT
7194,ADV
7195,NOUN
7196,NOUN
7197,ADJ
7198,PUNCT
7199,PUNCT
7200,CCONJ
7201,ADJ
7202,VERB
7203,PRON
7204,ADV
7205,VERB
7206,DET
7207,ADJ
7208,PUNCT
7209,PROPN
7210,AUX
7211,NOUN
7212,PUNCT
7213,NOUN
7214,NOUN
7215,PUNCT
7216,DET
7217,NOUN
7218,SCONJ
7219,NOUN
7220,AUX
7221,VERB
7222,CCONJ
7223,VERB
7224,PUNCT
7225,NOUN
7226,PUNCT
7227,ADP
7228,NOUN
7229,DET
7230,PUNCT
7231,ADV
7232,PUNCT
7233,ADV
7234,NUM
7235,NOUN
7236,ADJ
7237,PUNCT
7238,VERB
7239,DET
7240,NOUN
7241,ADP
7242,DET
7243,NOUN
7244,ADP
7245,NOUN
7246,ADP
7247,NOUN
7248,PUNCT
7249,ADV
7250,CCONJ
7251,ADV
7252,PUNCT
7253,ADJ
7254,SCONJ
7255,PRON
7256,NOUN
7257,PART
7258,VERB
7259,PUNCT
7260,NOUN
7261,PROPN
7262,VERB
7263,ADP
7264,NOUN
7265,PUNCT
7266,AUX
7267,NOUN
7268,ADP
7269,PROPN
7270,CCONJ
7271,PROPN
7272,VERB
7273,PART
7274,VERB
7275,ADP
7276,NOUN
7277,ADP
7278,NOUN
7279,ADP
7280,NOUN
7281,PUNCT
7282,PRON
7283,VERB
7284,ADP
7285,NOUN
7286,PUNCT
7287,SCONJ
7288,NOUN
7289,VERB
7290,ADP
7291,NOUN
7292,ADP
7293,PROPN
7294,ADP
7295,NUM
7296,CCONJ
7297,ADP
7298,PROPN
7299,ADP
7300,NOUN
7301,PUNCT
7302,AUX
7303,PRON
7304,AUX
7305,NOUN
7306,NUM
7307,NOUN
7308,NOUN
7309,ADP
7310,NOUN
7311,CCONJ
7312,ADP
7313,PROPN
7314,PUNCT
7315,PROPN
7316,ADJ
7317,NOUN
7318,VERB
7319,NOUN
7320,ADJ
7321,ADP
7322,NOUN
7323,PUNCT
7324,PRON
7325,ADP
7326,NOUN
7327,ADP
7328,NOUN
7329,VERB
7330,ADP
7331,NOUN
7332,ADP
7333,NOUN
7334,PUNCT
7335,PROPN
7336,PROPN
7337,PUNCT
7338,DET
7339,PROPN
7340,NOUN
7341,PUNCT
7342,NOUN
7343,PUNCT
7344,NOUN
7345,PUNCT
7346,NOUN
7347,PUNCT
7348,NOUN
7349,CCONJ
7350,NOUN
7351,PUNCT
7352,NOUN
7353,NOUN
7354,DET
7355,NOUN
7356,NOUN
7357,ADP
7358,NOUN
7359,ADP
7360,PROPN
7361,ADP
7362,SCONJ
7363,PRON
7364,AUX
7365,VERB
7366,PRON
7367,PUNCT
7368,PROPN
7369,NOUN
7370,VERB
7371,ADP
7372,DET
7373,NOUN
7374,NOUN
7375,ADP
7376,ADJ
7377,NOUN
7378,CCONJ
7379,ADP
7380,PROPN
7381,PUNCT
7382,PROPN
7383,CCONJ
7384,PROPN
7385,PUNCT
7386,ADP
7387,NUM
7388,NOUN
7389,ADP
7390,ADJ
7391,NOUN
7392,PUNCT
7393,DET
7394,ADJ
7395,NOUN
7396,VERB
7397,PRON
7398,ADV
7399,PART
7400,ADV
7401,VERB
7402,NOUN
7403,NOUN
7404,PUNCT
7405,ADV
7406,NOUN
7407,NOUN
7408,NOUN
7409,ADP
7410,PART
7411,VERB
7412,NOUN
7413,ADP
7414,NOUN
7415,PUNCT
7416,ADP
7417,NOUN
7418,NOUN
7419,VERB
7420,NOUN
7421,NOUN
7422,SCONJ
7423,PRON
7424,ADV
7425,AUX
7426,VERB
7427,ADJ
7428,NOUN
7429,ADP
7430,PRON
7431,PRON
7432,VERB
7433,ADP
7434,PUNCT
7435,CCONJ
7436,NOUN
7437,NOUN
7438,PUNCT
7439,NOUN
7440,ADP
7441,NOUN
7442,ADP
7443,NOUN
7444,NOUN
7445,PUNCT
7446,DET
7447,NOUN
7448,NOUN
7449,NOUN
7450,NOUN
7451,NOUN
7452,CCONJ
7453,VERB
7454,SCONJ
7455,PRON
7456,ADV
7457,AUX
7458,DET
7459,NOUN
7460,NOUN
7461,PRON
7462,PROPN
7463,AUX
7464,NOUN
7465,ADP
7466,PUNCT
7467,PRON
7468,VERB
7469,PRON
7470,PUNCT
7471,DET
7472,NOUN
7473,ADP
7474,PROPN
7475,PUNCT
7476,CCONJ
7477,NOUN
7478,NOUN
7479,VERB
7480,PRON
7481,PUNCT
7482,NOUN
7483,PROPN
7484,AUX
7485,VERB
7486,PUNCT
7487,AUX
7488,NOUN
7489,NOUN
7490,NOUN
7491,ADP
7492,NOUN
7493,PUNCT
7494,PROPN
7495,AUX
7496,DET
7497,ADJ
7498,PRON
7499,VERB
7500,PRON
7501,ADP
7502,PROPN
7503,NOUN
7504,PUNCT
7505,NOUN
7506,NOUN
7507,NOUN
7508,CCONJ
7509,VERB
7510,ADP
7511,SCONJ
7512,PRON
7513,AUX
7514,NOUN
7515,DET
7516,PRON
7517,VERB
7518,ADP
7519,PUNCT
7520,SCONJ
7521,NOUN
7522,NOUN
7523,VERB
7524,NOUN
7525,PUNCT
7526,NOUN
7527,PRON
7528,ADV
7529,NOUN
7530,PRON
7531,SCONJ
7532,PROPN
7533,VERB
7534,PUNCT
7535,DET
7536,NOUN
7537,AUX
7538,PRON
7539,VERB
7540,SCONJ
7541,ADV
7542,ADV
7543,NOUN
7544,CCONJ
7545,NUM
7546,NOUN
7547,NOUN
7548,PUNCT
7549,CCONJ
7550,DET
7551,ADJ
7552,ADP
7553,NOUN
7554,PRON
7555,AUX
7556,NOUN
7557,ADP
7558,PROPN
7559,PUNCT
7560,ADP
7561,DET
7562,NUM
7563,NOUN
7564,NOUN
7565,PUNCT
7566,AUX
7567,AUX
7568,NOUN
7569,NOUN
7570,PUNCT
7571,ADV
7572,PROPN
7573,VERB
7574,ADP
7575,ADP
7576,NOUN
7577,PUNCT
7578,ADP
7579,NOUN
7580,VERB
7581,CCONJ
7582,NOUN
7583,PUNCT
7584,NOUN
7585,PUNCT
7586,NOUN
7587,CCONJ
7588,NOUN
7589,DET
7590,NOUN
7591,PUNCT
7592,NOUN
7593,PART
7594,VERB
7595,NOUN
7596,PUNCT
7597,CCONJ
7598,PRON
7599,VERB
7600,NOUN
7601,ADP
7602,ADV
7603,NOUN
7604,ADJ
7605,VERB
7606,ADP
7607,PUNCT
7608,DET
7609,NUM
7610,NOUN
7611,ADJ
7612,NOUN
7613,ADP
7614,NOUN
7615,PUNCT
7616,NOUN
7617,NOUN
7618,AUX
7619,DET
7620,ADJ
7621,NOUN
7622,ADP
7623,DET
7624,NOUN
7625,NOUN
7626,ADP
7627,PROPN
7628,PUNCT
7629,ADP
7630,DET
7631,NOUN
7632,ADP
7633,PROPN
7634,PUNCT
7635,NUM
7636,NUM
7637,NOUN
7638,CCONJ
7639,NOUN
7640,ADP
7641,NOUN
7642,NOUN
7643,ADP
7644,PRON
7645,PUNCT
7646,ADP
7647,DET
7648,NOUN
7649,NOUN
7650,ADV
7651,AUX
7652,PRON
7653,VERB
7654,PUNCT
7655,VERB
7656,ADP
7657,NOUN
7658,NOUN
7659,NOUN
7660,PUNCT
7661,NOUN
7662,VERB
7663,PART
7664,VERB
7665,NOUN
7666,ADP
7667,NOUN
7668,PUNCT
7669,NOUN
7670,ADP
7671,NOUN
7672,PUNCT
7673,NOUN
7674,CCONJ
7675,ADP
7676,ADJ
7677,NOUN
7678,PART
7679,VERB
7680,NOUN
7681,CCONJ
7682,NOUN
7683,PRON
7684,AUX
7685,AUX
7686,VERB
7687,NOUN
7688,PUNCT
7689,NOUN
7690,NOUN
7691,AUX
7692,ADP
7693,DET
7694,NOUN
7695,NOUN
7696,PRON
7697,ADP
7698,NOUN
7699,CCONJ
7700,NOUN
7701,NOUN
7702,PUNCT
7703,CCONJ
7704,AUX
7705,ADV
7706,NOUN
7707,ADP
7708,PART
7709,VERB
7710,DET
7711,NOUN
7712,NOUN
7713,ADP
7714,PROPN
7715,PUNCT
7716,PRON
7717,AUX
7718,ADV
7719,AUX
7720,VERB
7721,ADP
7722,PART
7723,VERB
7724,NOUN
7725,NOUN
7726,NOUN
7727,PUNCT
7728,ADP
7729,NOUN
7730,ADP
7731,NOUN
7732,ADP
7733,NOUN
7734,PUNCT
7735,PUNCT
7736,PRON
7737,VERB
7738,VERB
7739,PRON
7740,PUNCT
7741,SCONJ
7742,NOUN
7743,NOUN
7744,ADV
7745,AUX
7746,NOUN
7747,PUNCT
7748,ADV
7749,VERB
7750,NOUN
7751,PART
7752,VERB
7753,PRON
7754,ADP
7755,DET
7756,NOUN
7757,NOUN
7758,PRON
7759,AUX
7760,ADV
7761,ADJ
7762,PUNCT
